Country,1990,1990_lower, 1990_upper, 1991,1991_lower, 1991_upper, 1992,1992_lower, 1992_upper, 1993,1993_lower, 1993_upper, 1994,1994_lower, 1994_upper, 1995,1995_lower, 1995_upper, 1996,1996_lower, 1996_upper, 1997,1997_lower, 1997_upper, 1998,1998_lower, 1998_upper, 1999,1999_lower, 1999_upper, 2000,2000_lower, 2000_upper, 2001,2001_lower, 2001_upper, 2002,2002_lower, 2002_upper, 2003,2003_lower, 2003_upper, 2004,2004_lower, 2004_upper, 2005,2005_lower, 2005_upper, 2006,2006_lower, 2006_upper, 2007,2007_lower, 2007_upper, 2008,2008_lower, 2008_upper, 2009,2009_lower, 2009_upper, 2010,2010_lower, 2010_upper, 2011,2011_lower, 2011_upper, 2012,2012_lower, 2012_upper, 2013,2013_lower, 2013_upper, 2014,2014_lower, 2014_upper, 2015,2015_lower, 2015_upper, 2016,2016_lower, 2016_upper, 2017,2017_lower, 2017_upper, 2018,2018_lower, 2018_upper
Afghanistan,0.02 ,<0.01 , 0.04,0.02 ,<0.01 , 0.04,0.02 ,<0.01 , 0.04,0.02 ,0.01 , 0.05,0.02 ,0.01 , 0.05,0.02 ,0.01 , 0.05,0.02 ,0.01 , 0.05,0.02 ,0.01 , 0.05,0.02 ,0.01 , 0.05,0.03 ,0.02 , 0.05,0.03 ,0.02 , 0.05,0.03 ,0.02 , 0.05,0.03 ,0.02 , 0.06,0.03 ,0.02 , 0.06,0.04 ,0.02 , 0.06,0.04 ,0.02 , 0.06,0.04 ,0.02 , 0.06,0.04 ,0.02 , 0.06,0.04 ,0.02 , 0.06,0.04 ,0.02 , 0.06,0.04 ,0.02 , 0.06,0.04 ,0.02 , 0.06,0.04 ,0.02 , 0.06,0.04 ,0.02 , 0.07,0.04 ,0.02 , 0.07,0.04 ,0.02 , 0.07,0.04 ,0.02 , 0.08,0.04 ,0.02 , 0.08,0.04 ,0.02 , 0.08
Albania,... ,... , ...,... ,... , ...,... ,... , ...,... ,... , ...,... ,... , ...,... ,... , ...,... ,... , ...,... ,... , ...,... ,... , ...,... ,... , ...,... ,... , ...,... ,... , ...,... ,... , ...,... ,... , ...,... ,... , ...,... ,... , ...,... ,... , ...,... ,... , ...,... ,... , ...,... ,... , ...,... ,... , ...,... ,... , ...,... ,... , ...,... ,... , ...,... ,... , ...,... ,... , ...,... ,... , ...,... ,... , ...,... ,... , ...
Algeria,<0.01 ,<0.01 , <0.01,<0.01 ,<0.01 , <0.01,<0.01 ,<0.01 , <0.01,<0.01 ,<0.01 , <0.01,<0.01 ,<0.01 , <0.01,0.01 ,0.01 , 0.01,0.01 ,0.01 , 0.01,0.01 ,0.01 , 0.01,0.01 ,0.01 , 0.01,0.02 ,0.02 , 0.02,0.02 ,0.02 , 0.02,0.02 ,0.02 , 0.02,0.02 ,0.02 , 0.02,0.02 ,0.02 , 0.02,0.03 ,0.02 , 0.03,0.03 ,0.03 , 0.03,0.03 ,0.03 , 0.03,0.03 ,0.03 , 0.03,0.04 ,0.04 , 0.04,0.04 ,0.04 , 0.04,0.04 ,0.04 , 0.04,0.05 ,0.04 , 0.05,0.05 ,0.05 , 0.05,0.05 ,0.05 , 0.05,0.05 ,0.05 , 0.06,0.05 ,0.05 , 0.06,0.05 ,0.05 , 0.06,0.05 ,0.05 , 0.05,0.05 ,0.05 , 0.05
Angola,0.60 ,0.42 , 0.87,0.70 ,0.52 , 0.98,0.90 ,0.63 , 1.12,1.00 ,0.73 , 1.25,1.10 ,0.84 , 1.35,1.20 ,0.97 , 1.50,1.30 ,1.06 , 1.64,1.50 ,1.19 , 1.80,1.50 ,1.26 , 1.90,1.70 ,1.34 , 2.03,1.70 ,1.42 , 2.12,1.80 ,1.47 , 2.21,1.90 ,1.53 , 2.26,1.90 ,1.55 , 2.36,2.00 ,1.55 , 2.44,2.00 ,1.56 , 2.54,2.00 ,1.57 , 2.53,2.00 ,1.58 , 2.50,2.00 ,1.59 , 2.45,2.00 ,1.59 , 2.45,1.90 ,1.55 , 2.34,1.90 ,1.54 , 2.32,1.90 ,1.52 , 2.30,1.90 ,1.49 , 2.28,1.80 ,1.41 , 2.20,1.70 ,1.34 , 2.13,1.70 ,1.28 , 2.14,1.60 ,1.23 , 2.11,1.60 ,1.16 , 2.08
Antigua and Barbuda,0.41 ,0.36 , 0.43,0.43 ,0.39 , 0.46,0.46 ,0.41 , 0.48,0.49 ,0.44 , 0.51,0.51 ,0.47 , 0.54,0.54 ,0.50 , 0.57,0.57 ,0.53 , 0.60,0.61 ,0.56 , 0.63,0.64 ,0.59 , 0.67,0.67 ,0.63 , 0.70,0.71 ,0.66 , 0.73,0.74 ,0.70 , 0.77,0.78 ,0.74 , 0.81,0.81 ,0.77 , 0.84,0.85 ,0.81 , 0.88,0.89 ,0.85 , 0.92,0.92 ,0.88 , 0.96,0.96 ,0.92 , 1.00,0.97 ,0.93 , 1.02,0.94 ,0.90 , 0.99,0.87 ,0.83 , 0.92,0.82 ,0.79 , 0.88,0.82 ,0.79 , 0.88,0.84 ,0.80 , 0.91,0.87 ,0.82 , 0.94,0.89 ,0.85 , 0.97,0.92 ,0.87 , 1.01,0.94 ,0.89 , 1.04,0.97 ,0.91 , 1.08
Argentina,0.30 ,0.29 , 0.30,0.30 ,0.32 , 0.33,0.30 ,0.34 , 0.35,0.40 ,0.35 , 0.35,0.40 ,0.35 , 0.36,0.40 ,0.35 , 0.35,0.30 ,0.34 , 0.35,0.30 ,0.34 , 0.34,0.30 ,0.33 , 0.33,0.30 ,0.31 , 0.32,0.30 ,0.31 , 0.31,0.30 ,0.30 , 0.30,0.30 ,0.30 , 0.30,0.30 ,0.29 , 0.30,0.30 ,0.29 , 0.29,0.30 ,0.29 , 0.29,0.30 ,0.29 , 0.29,0.30 ,0.29 , 0.29,0.30 ,0.28 , 0.29,0.30 ,0.28 , 0.29,0.30 ,0.28 , 0.29,0.30 ,0.28 , 0.28,0.30 ,0.28 , 0.28,0.30 ,0.28 , 0.28,0.30 ,0.28 , 0.28,0.30 ,0.27 , 0.28,0.30 ,0.27 , 0.28,0.30 ,0.27 , 0.27,0.30 ,0.27 , 0.27
Armenia,<0.01 ,<0.01 , <0.01,<0.01 ,<0.01 , 0.01,<0.01 ,<0.01 , 0.02,<0.01 ,<0.01 , 0.03,<0.01 ,<0.01 , 0.05,<0.01 ,0.01 , 0.06,<0.01 ,0.02 , 0.09,0.10 ,0.04 , 0.13,0.10 ,0.06 , 0.17,0.10 ,0.08 , 0.22,0.20 ,0.12 , 0.27,0.20 ,0.15 , 0.29,0.20 ,0.18 , 0.32,0.30 ,0.20 , 0.33,0.30 ,0.21 , 0.33,0.30 ,0.21 , 0.31,0.20 ,0.19 , 0.29,0.20 ,0.17 , 0.25,0.20 ,0.15 , 0.21,0.20 ,0.12 , 0.19,0.10 ,0.10 , 0.16,0.10 ,0.09 , 0.14,0.10 ,0.08 , 0.13,0.10 ,0.08 , 0.13,0.10 ,0.08 , 0.15,0.10 ,0.08 , 0.15,0.10 ,0.08 , 0.16,0.10 ,0.07 , 0.17,0.10 ,0.07 , 0.18
Australia,0.08 ,0.08 , 0.08,0.08 ,0.08 , 0.08,0.08 ,0.08 , 0.08,0.08 ,0.08 , 0.08,0.08 ,0.08 , 0.08,0.08 ,0.08 , 0.08,0.08 ,0.08 , 0.08,0.08 ,0.08 , 0.08,0.08 ,0.08 , 0.08,0.08 ,0.08 , 0.08,0.08 ,0.08 , 0.08,0.08 ,0.08 , 0.08,0.08 ,0.08 , 0.08,0.08 ,0.08 , 0.08,0.08 ,0.08 , 0.08,0.08 ,0.08 , 0.08,0.08 ,0.08 , 0.08,0.08 ,0.08 , 0.08,0.08 ,0.08 , 0.08,0.08 ,0.08 , 0.08,0.08 ,0.08 , 0.08,0.08 ,0.08 , 0.08,0.08 ,0.08 , 0.08,0.08 ,0.08 , 0.08,0.08 ,0.08 , 0.08,0.08 ,0.08 , 0.08,0.08 ,0.08 , 0.08,0.08 ,0.08 , 0.08,0.08 ,0.08 , 0.08
Austria,... ,... , ...,... ,... , ...,... ,... , ...,... ,... , ...,... ,... , ...,... ,... , ...,... ,... , ...,... ,... , ...,... ,... , ...,... ,... , ...,... ,... , ...,... ,... , ...,... ,... , ...,... ,... , ...,... ,... , ...,... ,... , ...,... ,... , ...,... ,... , ...,... ,... , ...,... ,... , ...,... ,... , ...,... ,... , ...,... ,... , ...,... ,... , ...,... ,... , ...,... ,... , ...,... ,... , ...,... ,... , ...,... ,... , ...
Azerbaijan,... ,... , ...,... ,... , ...,... ,... , ...,... ,... , ...,... ,... , ...,... ,... , ...,... ,... , ...,... ,... , ...,... ,... , ...,... ,... , ...,... ,... , ...,... ,... , ...,... ,... , ...,... ,... , ...,... ,... , ...,... ,... , ...,... ,... , ...,... ,... , ...,... ,... , ...,... ,... , ...,... ,... , ...,... ,... , ...,... ,... , ...,... ,... , ...,... ,... , ...,... ,... , ...,... ,... , ...,... ,... , ...,... ,... , ...
Bahamas,3.50 ,3.28 , 3.68,3.00 ,2.84 , 3.12,2.70 ,2.55 , 2.78,2.50 ,2.36 , 2.59,2.30 ,2.23 , 2.47,2.20 ,2.12 , 2.36,2.10 ,2.03 , 2.27,2.00 ,1.94 , 2.18,2.00 ,1.86 , 2.09,1.90 ,1.78 , 2.02,1.80 ,1.71 , 1.94,1.70 ,1.65 , 1.87,1.70 ,1.57 , 1.80,1.60 ,1.49 , 1.71,1.40 ,1.35 , 1.56,1.40 ,1.30 , 1.50,1.30 ,1.25 , 1.45,1.30 ,1.19 , 1.39,1.20 ,1.16 , 1.36,1.20 ,1.12 , 1.31,1.10 ,1.07 , 1.26,1.10 ,1.05 , 1.24,1.10 ,1.04 , 1.22,1.10 ,1.01 , 1.19,1.00 ,0.96 , 1.14,1.00 ,0.89 , 1.07,1.00 ,0.88 , 1.06,0.90 ,0.85 , 1.03,0.80 ,0.77 , 0.95
Bahrain,... ,... , ...,... ,... , ...,... ,... , ...,... ,... , ...,... ,... , ...,... ,... , ...,... ,... , ...,... ,... , ...,... ,... , ...,... ,... , ...,... ,... , ...,... ,... , ...,... ,... , ...,... ,... , ...,... ,... , ...,... ,... , ...,... ,... , ...,... ,... , ...,... ,... , ...,... ,... , ...,... ,... , ...,... ,... , ...,... ,... , ...,... ,... , ...,... ,... , ...,... ,... , ...,... ,... , ...,... ,... , ...,... ,... , ...
Bangladesh,<0.01 ,<0.01 , <0.01,<0.01 ,<0.01 , <0.01,<0.01 ,<0.01 , <0.01,<0.01 ,<0.01 , <0.01,<0.01 ,<0.01 , <0.01,<0.01 ,<0.01 , <0.01,<0.01 ,<0.01 , <0.01,<0.01 ,<0.01 , <0.01,<0.01 ,<0.01 , <0.01,<0.01 ,<0.01 , <0.01,<0.01 ,<0.01 , <0.01,<0.01 ,<0.01 , <0.01,<0.01 ,<0.01 , <0.01,<0.01 ,<0.01 , 0.01,0.01 ,<0.01 , 0.01,0.01 ,0.01 , 0.01,0.01 ,0.01 , 0.01,0.01 ,0.01 , 0.01,0.01 ,0.01 , 0.01,0.01 ,<0.01 , 0.01,0.01 ,<0.01 , 0.01,0.01 ,<0.01 , 0.01,0.01 ,0.01 , 0.01,0.01 ,0.01 , 0.01,0.01 ,0.01 , 0.02,0.01 ,0.01 , 0.02,0.01 ,0.01 , 0.02,0.02 ,0.01 , 0.02,0.02 ,0.01 , 0.02
Barbados,0.50 ,0.42 , 0.52,0.60 ,0.56 , 0.67,0.80 ,0.70 , 0.83,0.70 ,0.66 , 0.77,0.60 ,0.59 , 0.69,0.70 ,0.67 , 0.78,0.80 ,0.75 , 0.86,0.90 ,0.82 , 0.92,0.90 ,0.87 , 0.97,1.00 ,0.90 , 1.01,1.00 ,0.93 , 1.04,1.00 ,0.96 , 1.05,1.00 ,0.98 , 1.06,1.00 ,1.00 , 1.07,1.00 ,1.01 , 1.07,1.00 ,1.02 , 1.08,1.00 ,1.02 , 1.08,1.10 ,1.02 , 1.10,1.10 ,1.01 , 1.11,1.10 ,1.01 , 1.10,1.10 ,1.02 , 1.10,1.10 ,1.01 , 1.11,1.10 ,1.01 , 1.11,1.10 ,1.00 , 1.12,1.10 ,1.00 , 1.12,1.10 ,0.99 , 1.13,1.10 ,0.99 , 1.13,1.10 ,0.98 , 1.13,1.10 ,0.98 , 1.13
Belarus,<0.01 ,<0.01 , <0.01,<0.01 ,<0.01 , <0.01,<0.01 ,<0.01 , <0.01,<0.01 ,<0.01 , 0.01,<0.01 ,<0.01 , 0.02,<0.01 ,<0.01 , 0.02,<0.01 ,0.01 , 0.03,<0.01 ,0.02 , 0.04,<0.01 ,0.03 , 0.06,0.10 ,0.05 , 0.08,0.10 ,0.06 , 0.10,0.10 ,0.08 , 0.13,0.10 ,0.10 , 0.16,0.20 ,0.13 , 0.21,0.20 ,0.16 , 0.26,0.20 ,0.19 , 0.30,0.30 ,0.21 , 0.34,0.30 ,0.22 , 0.36,0.30 ,0.22 , 0.37,0.30 ,0.24 , 0.40,0.30 ,0.27 , 0.44,0.40 ,0.28 , 0.47,0.40 ,0.30 , 0.51,0.40 ,0.33 , 0.56,0.40 ,0.34 , 0.60,0.50 ,0.35 , 0.62,0.50 ,0.34 , 0.63,0.40 ,0.32 , 0.65,0.40 ,0.30 , 0.64
Belgium,... ,... , ...,... ,... , ...,... ,... , ...,... ,... , ...,... ,... , ...,... ,... , ...,... ,... , ...,... ,... , ...,... ,... , ...,... ,... , ...,... ,... , ...,... ,... , ...,... ,... , ...,... ,... , ...,... ,... , ...,... ,... , ...,... ,... , ...,... ,... , ...,... ,... , ...,... ,... , ...,... ,... , ...,... ,... , ...,... ,... , ...,... ,... , ...,... ,... , ...,... ,... , ...,... ,... , ...,... ,... , ...,... ,... , ...
Belize,0.40 ,0.33 , 0.52,0.60 ,0.49 , 0.71,0.80 ,0.70 , 0.95,1.10 ,0.96 , 1.22,1.40 ,1.25 , 1.52,1.70 ,1.55 , 1.78,1.90 ,1.78 , 2.01,2.10 ,1.95 , 2.16,2.20 ,2.04 , 2.25,2.20 ,2.08 , 2.28,2.20 ,2.06 , 2.26,2.10 ,2.02 , 2.21,2.10 ,1.96 , 2.14,2.00 ,1.90 , 2.06,1.90 ,1.83 , 1.98,1.80 ,1.76 , 1.90,1.80 ,1.70 , 1.82,1.70 ,1.64 , 1.76,1.60 ,1.58 , 1.69,1.60 ,1.53 , 1.64,1.50 ,1.48 , 1.60,1.50 ,1.44 , 1.56,1.50 ,1.40 , 1.52,1.40 ,1.36 , 1.49,1.40 ,1.33 , 1.47,1.40 ,1.30 , 1.45,1.40 ,1.28 , 1.43,1.30 ,1.25 , 1.41,1.30 ,1.23 , 1.40
Benin,0.77 ,0.37 , 1.62,1.12 ,0.53 , 2.35,1.50 ,0.72 , 3.16,1.84 ,0.88 , 3.87,2.08 ,1.00 , 4.39,2.19 ,1.05 , 4.62,2.11 ,1.01 , 4.46,2.03 ,0.97 , 4.27,1.87 ,0.89 , 3.93,1.70 ,0.81 , 3.58,1.55 ,0.74 , 3.27,1.40 ,0.67 , 2.96,1.30 ,0.62 , 2.75,1.20 ,0.58 , 2.53,1.10 ,0.53 , 2.32,1.05 ,0.50 , 2.21,0.99 ,0.48 , 2.10,0.96 ,0.46 , 2.02,0.90 ,0.43 , 1.90,0.83 ,0.40 , 1.76,0.79 ,0.38 , 1.67,0.76 ,0.36 , 1.60,0.73 ,0.35 , 1.54,0.71 ,0.34 , 1.50,0.71 ,0.34 , 1.49,0.66 ,0.32 , 1.40,0.62 ,0.30 , 1.32,0.59 ,0.28 , 1.25,0.58 ,0.28 , 1.23
Bhutan,0.10 ,<0.01 , 0.14,0.10 ,<0.01 , 0.16,0.10 ,<0.01 , 0.21,0.10 ,0.01 , 0.30,0.10 ,0.03 , 0.41,0.20 ,0.03 , 0.45,0.20 ,0.06 , 0.52,0.30 ,0.08 , 0.59,0.40 ,0.12 , 0.70,0.40 ,0.14 , 0.78,0.50 ,0.17 , 1.08,0.50 ,0.18 , 1.13,0.50 ,0.17 , 1.22,0.50 ,0.17 , 1.20,0.40 ,0.16 , 1.09,0.40 ,0.16 , 1.01,0.40 ,0.17 , 1.03,0.40 ,0.16 , 0.84,0.30 ,0.15 , 0.77,0.30 ,0.15 , 0.73,0.30 ,0.13 , 0.62,0.30 ,0.12 , 0.57,0.20 ,0.11 , 0.52,0.20 ,0.10 , 0.50,0.20 ,0.09 , 0.47,0.20 ,0.09 , 0.43,0.20 ,0.08 , 0.42,0.20 ,0.07 , 0.44,0.20 ,0.06 , 0.45
Bolivia (Plurinational State of),<0.01 ,0.05 , 0.05,0.10 ,0.09 , 0.09,0.10 ,0.15 , 0.15,0.20 ,0.24 , 0.25,0.40 ,0.37 , 0.39,0.60 ,0.56 , 0.58,0.80 ,0.75 , 0.79,0.90 ,0.88 , 0.94,0.90 ,0.88 , 0.97,0.90 ,0.83 , 0.93,0.80 ,0.75 , 0.87,0.70 ,0.65 , 0.74,0.60 ,0.52 , 0.59,0.50 ,0.42 , 0.48,0.40 ,0.41 , 0.41,0.30 ,0.29 , 0.30,0.30 ,0.25 , 0.25,0.20 ,0.20 , 0.20,0.20 ,0.21 , 0.21,0.20 ,0.20 , 0.20,0.20 ,0.20 , 0.20,0.20 ,0.20 , 0.20,0.20 ,0.21 , 0.21,0.20 ,0.21 , 0.21,0.20 ,0.22 , 0.22,0.20 ,0.22 , 0.22,0.20 ,0.22 , 0.22,0.20 ,0.22 , 0.22,0.20 ,0.22 , 0.22
Bosnia and Herzegovina,<0.01 ,<0.01 , <0.01,<0.01 ,<0.01 , <0.01,<0.01 ,<0.01 , <0.01,<0.01 ,<0.01 , <0.01,<0.01 ,<0.01 , <0.01,<0.01 ,<0.01 , <0.01,<0.01 ,<0.01 , <0.01,<0.01 ,<0.01 , <0.01,<0.01 ,<0.01 , <0.01,<0.01 ,<0.01 , <0.01,<0.01 ,<0.01 , <0.01,<0.01 ,<0.01 , <0.01,<0.01 ,<0.01 , <0.01,<0.01 ,<0.01 , <0.01,<0.01 ,<0.01 , <0.01,<0.01 ,<0.01 , <0.01,<0.01 ,<0.01 , <0.01,<0.01 ,<0.01 , <0.01,<0.01 ,<0.01 , <0.01,<0.01 ,<0.01 , <0.01,<0.01 ,<0.01 , <0.01,<0.01 ,<0.01 , <0.01,<0.01 ,<0.01 , 0.01,0.01 ,<0.01 , 0.01,0.01 ,<0.01 , 0.01,0.01 ,0.01 , 0.01,0.01 ,0.01 , 0.01,0.01 ,0.01 , 0.01,0.01 ,0.01 , 0.02
Botswana,24.20 ,21.20 , 26.80,31.80 ,29.10 , 34.70,38.50 ,35.80 , 42.00,44.60 ,41.60 , 48.50,48.70 ,45.30 , 53.10,50.00 ,46.20 , 54.60,48.70 ,44.50 , 53.70,45.10 ,40.20 , 49.00,40.50 ,35.80 , 44.00,35.90 ,31.20 , 38.30,31.40 ,27.60 , 33.50,27.60 ,24.50 , 29.40,24.70 ,22.40 , 26.20,22.10 ,20.60 , 23.30,19.90 ,18.70 , 21.10,18.00 ,16.90 , 19.10,16.50 ,15.40 , 17.60,15.00 ,14.00 , 16.10,14.30 ,13.10 , 15.50,13.10 ,12.10 , 14.20,12.20 ,11.10 , 13.00,11.50 ,10.40 , 12.30,10.40 ,9.29 , 11.20,9.50 ,8.52 , 10.50,9.10 ,8.08 , 9.96,8.80 ,7.78 , 9.74,8.30 ,7.19 , 9.33,7.70 ,6.60 , 8.91,7.40 ,6.17 , 8.84
Brazil,... ,... , ...,... ,... , ...,... ,... , ...,... ,... , ...,... ,... , ...,... ,... , ...,... ,... , ...,... ,... , ...,... ,... , ...,... ,... , ...,... ,... , ...,... ,... , ...,... ,... , ...,... ,... , ...,... ,... , ...,... ,... , ...,... ,... , ...,... ,... , ...,... ,... , ...,... ,... , ...,... ,... , ...,... ,... , ...,... ,... , ...,... ,... , ...,... ,... , ...,... ,... , ...,... ,... , ...,... ,... , ...,... ,... , ...
Brunei Darussalam,... ,... , ...,... ,... , ...,... ,... , ...,... ,... , ...,... ,... , ...,... ,... , ...,... ,... , ...,... ,... , ...,... ,... , ...,... ,... , ...,... ,... , ...,... ,... , ...,... ,... , ...,... ,... , ...,... ,... , ...,... ,... , ...,... ,... , ...,... ,... , ...,... ,... , ...,... ,... , ...,... ,... , ...,... ,... , ...,... ,... , ...,... ,... , ...,... ,... , ...,... ,... , ...,... ,... , ...,... ,... , ...,... ,... , ...
Bulgaria,<0.01 ,<0.01 , <0.01,<0.01 ,<0.01 , <0.01,<0.01 ,<0.01 , <0.01,<0.01 ,<0.01 , <0.01,<0.01 ,<0.01 , <0.01,<0.01 ,<0.01 , 0.01,0.01 ,<0.01 , 0.01,0.01 ,0.01 , 0.02,0.01 ,0.01 , 0.02,0.02 ,0.01 , 0.02,0.02 ,0.02 , 0.02,0.02 ,0.02 , 0.03,0.02 ,0.02 , 0.03,0.03 ,0.02 , 0.03,0.03 ,0.03 , 0.04,0.03 ,0.03 , 0.04,0.04 ,0.03 , 0.05,0.04 ,0.03 , 0.05,0.04 ,0.04 , 0.06,0.05 ,0.04 , 0.06,0.05 ,0.04 , 0.07,0.06 ,0.05 , 0.07,0.06 ,0.05 , 0.08,0.07 ,0.06 , 0.08,0.07 ,0.06 , 0.09,0.08 ,0.06 , 0.10,0.08 ,0.07 , 0.11,0.09 ,0.07 , 0.12,0.10 ,0.07 , 0.14
Burkina Faso,4.60 ,2.90 , 6.69,4.20 ,2.77 , 5.89,3.40 ,2.52 , 4.73,3.00 ,2.17 , 4.03,2.50 ,1.86 , 3.56,2.10 ,1.56 , 3.06,1.70 ,1.29 , 2.39,1.60 ,1.25 , 2.16,1.40 ,1.10 , 1.82,1.20 ,0.99 , 1.57,1.10 ,0.88 , 1.33,1.00 ,0.79 , 1.20,0.90 ,0.72 , 1.11,0.80 ,0.65 , 1.01,0.70 ,0.59 , 0.92,0.70 ,0.53 , 0.85,0.60 ,0.47 , 0.77,0.60 ,0.42 , 0.70,0.50 ,0.38 , 0.65,0.50 ,0.33 , 0.58,0.40 ,0.30 , 0.53,0.40 ,0.27 , 0.49,0.30 ,0.23 , 0.44,0.30 ,0.22 , 0.43,0.30 ,0.20 , 0.39,0.30 ,0.18 , 0.36,0.20 ,0.16 , 0.34,0.20 ,0.14 , 0.31,0.20 ,0.11 , 0.28
Burundi,8.30 ,5.04 , 12.00,7.80 ,5.28 , 10.60,6.90 ,4.88 , 9.08,5.90 ,4.20 , 7.87,4.90 ,3.63 , 6.63,4.10 ,3.01 , 5.69,3.30 ,2.51 , 4.63,2.70 ,2.05 , 3.66,2.30 ,1.78 , 2.95,1.90 ,1.51 , 2.42,1.60 ,1.28 , 1.97,1.40 ,1.14 , 1.72,1.10 ,0.91 , 1.39,1.00 ,0.81 , 1.24,0.90 ,0.71 , 1.11,0.80 ,0.63 , 0.99,0.70 ,0.54 , 0.89,0.60 ,0.46 , 0.82,0.60 ,0.37 , 0.75,0.50 ,0.32 , 0.70,0.50 ,0.30 , 0.64,0.40 ,0.26 , 0.59,0.40 ,0.23 , 0.54,0.30 ,0.20 , 0.51,0.30 ,0.18 , 0.47,0.30 ,0.16 , 0.43,0.20 ,0.14 , 0.39,0.20 ,0.11 , 0.34,0.20 ,0.08 , 0.30
Cabo Verde,1.00 ,0.60 , 2.09,1.10 ,0.68 , 1.79,1.10 ,0.68 , 1.80,0.90 ,0.59 , 1.36,0.80 ,0.56 , 1.37,0.80 ,0.52 , 1.51,0.80 ,0.53 , 1.60,0.80 ,0.54 , 1.60,0.70 ,0.51 , 1.44,0.70 ,0.52 , 1.50,0.70 ,0.51 , 1.53,0.70 ,0.54 , 1.33,0.70 ,0.52 , 1.18,0.70 ,0.52 , 1.11,0.60 ,0.50 , 0.90,0.60 ,0.45 , 0.77,0.50 ,0.41 , 0.70,0.50 ,0.39 , 0.66,0.50 ,0.37 , 0.58,0.40 ,0.34 , 0.56,0.40 ,0.33 , 0.54,0.40 ,0.30 , 0.51,0.40 ,0.29 , 0.50,0.40 ,0.27 , 0.49,0.40 ,0.26 , 0.48,0.30 ,0.25 , 0.48,0.30 ,0.23 , 0.48,0.30 ,0.22 , 0.46,0.30 ,0.21 , 0.46
Cambodia,<0.01 ,0.01 , 0.01,0.10 ,0.05 , 0.06,0.20 ,0.19 , 0.25,0.70 ,0.58 , 0.74,1.40 ,1.26 , 1.62,2.30 ,2.04 , 2.63,2.90 ,2.54 , 3.26,2.90 ,2.59 , 3.31,2.60 ,2.30 , 2.93,2.10 ,1.87 , 2.36,1.60 ,1.42 , 1.77,1.10 ,1.01 , 1.25,0.90 ,0.83 , 1.02,0.80 ,0.71 , 0.88,0.70 ,0.60 , 0.75,0.60 ,0.51 , 0.64,0.50 ,0.43 , 0.53,0.40 ,0.36 , 0.44,0.30 ,0.30 , 0.37,0.30 ,0.25 , 0.32,0.20 ,0.21 , 0.26,0.20 ,0.17 , 0.22,0.20 ,0.15 , 0.19,0.20 ,0.14 , 0.18,0.10 ,0.13 , 0.16,0.10 ,0.12 , 0.15,0.10 ,0.11 , 0.14,0.10 ,0.09 , 0.12,0.10 ,0.07 , 0.09
Cameroon,2.70 ,2.31 , 3.04,3.30 ,2.87 , 3.75,4.10 ,3.49 , 4.61,5.00 ,4.22 , 5.59,5.80 ,4.97 , 6.56,6.40 ,5.56 , 7.31,7.00 ,6.15 , 7.85,7.30 ,6.56 , 8.22,7.30 ,6.53 , 8.24,7.10 ,6.30 , 8.05,6.50 ,5.75 , 7.31,6.00 ,5.25 , 6.72,5.50 ,4.72 , 5.98,4.80 ,4.28 , 5.26,4.50 ,4.00 , 4.83,4.10 ,3.76 , 4.45,3.80 ,3.45 , 4.15,3.60 ,3.27 , 3.96,3.40 ,3.10 , 3.80,3.20 ,2.93 , 3.58,3.00 ,2.73 , 3.32,2.80 ,2.52 , 3.10,2.60 ,2.34 , 2.91,2.40 ,2.12 , 2.71,2.30 ,2.01 , 2.56,2.20 ,1.88 , 2.44,2.00 ,1.72 , 2.30,1.80 ,1.53 , 2.11,1.60 ,1.35 , 1.92
Canada,... ,... , ...,... ,... , ...,... ,... , ...,... ,... , ...,... ,... , ...,... ,... , ...,... ,... , ...,... ,... , ...,... ,... , ...,... ,... , ...,... ,... , ...,... ,... , ...,... ,... , ...,... ,... , ...,... ,... , ...,... ,... , ...,... ,... , ...,... ,... , ...,... ,... , ...,... ,... , ...,... ,... , ...,... ,... , ...,... ,... , ...,... ,... , ...,... ,... , ...,... ,... , ...,... ,... , ...,... ,... , ...,... ,... , ...
Central African Republic,14.30 ,10.80 , 20.00,13.80 ,10.10 , 18.60,12.40 ,8.97 , 16.50,11.30 ,8.22 , 14.90,10.30 ,7.75 , 13.60,9.90 ,7.50 , 13.20,8.70 ,6.67 , 11.30,8.00 ,6.21 , 10.30,7.20 ,5.61 , 9.15,6.60 ,5.17 , 8.22,6.20 ,4.88 , 7.29,5.70 ,4.54 , 6.68,5.30 ,4.31 , 6.17,5.00 ,4.07 , 5.88,4.70 ,3.77 , 5.47,4.40 ,3.58 , 5.30,4.20 ,3.43 , 5.13,3.90 ,3.22 , 4.83,3.70 ,3.07 , 4.65,3.50 ,2.86 , 4.42,3.30 ,2.64 , 4.17,3.10 ,2.48 , 4.10,3.00 ,2.31 , 4.00,2.80 ,2.12 , 3.78,2.70 ,1.97 , 3.63,2.50 ,1.77 , 3.36,2.30 ,1.60 , 3.23,2.10 ,1.40 , 3.05,2.00 ,1.22 , 2.92
Chad,2.30 ,1.44 , 3.64,2.50 ,1.64 , 3.72,2.60 ,1.76 , 3.63,2.60 ,1.79 , 3.56,2.30 ,1.64 , 3.13,2.20 ,1.60 , 2.99,2.20 ,1.59 , 2.90,2.00 ,1.47 , 2.56,1.80 ,1.39 , 2.33,1.70 ,1.32 , 2.12,1.60 ,1.24 , 1.96,1.40 ,1.16 , 1.81,1.40 ,1.11 , 1.71,1.30 ,1.07 , 1.65,1.20 ,1.00 , 1.55,1.20 ,0.95 , 1.46,1.10 ,0.88 , 1.37,1.10 ,0.84 , 1.31,1.00 ,0.79 , 1.28,0.90 ,0.68 , 1.15,0.90 ,0.64 , 1.13,0.80 ,0.58 , 1.09,0.80 ,0.56 , 1.09,0.80 ,0.53 , 1.07,0.80 ,0.50 , 1.05,0.70 ,0.44 , 1.00,0.60 ,0.39 , 0.94,0.60 ,0.39 , 0.95,0.60 ,0.38 , 0.98
Chile,0.10 ,0.10 , 0.10,0.10 ,0.11 , 0.11,0.10 ,0.13 , 0.13,0.10 ,0.14 , 0.14,0.20 ,0.15 , 0.16,0.20 ,0.17 , 0.17,0.20 ,0.18 , 0.19,0.20 ,0.20 , 0.20,0.20 ,0.21 , 0.21,0.20 ,0.22 , 0.23,0.20 ,0.24 , 0.24,0.20 ,0.24 , 0.24,0.30 ,0.25 , 0.25,0.30 ,0.26 , 0.26,0.30 ,0.27 , 0.28,0.30 ,0.29 , 0.29,0.30 ,0.29 , 0.30,0.30 ,0.31 , 0.32,0.30 ,0.33 , 0.34,0.40 ,0.35 , 0.36,0.40 ,0.37 , 0.37,0.40 ,0.39 , 0.40,0.40 ,0.41 , 0.42,0.40 ,0.42 , 0.43,0.40 ,0.42 , 0.43,0.40 ,0.44 , 0.45,0.50 ,0.45 , 0.47,0.50 ,0.46 , 0.47,0.50 ,0.46 , 0.48
China,... ,... , ...,... ,... , ...,... ,... , ...,... ,... , ...,... ,... , ...,... ,... , ...,... ,... , ...,... ,... , ...,... ,... , ...,... ,... , ...,... ,... , ...,... ,... , ...,... ,... , ...,... ,... , ...,... ,... , ...,... ,... , ...,... ,... , ...,... ,... , ...,... ,... , ...,... ,... , ...,... ,... , ...,... ,... , ...,... ,... , ...,... ,... , ...,... ,... , ...,... ,... , ...,... ,... , ...,... ,... , ...,... ,... , ...
Colombia,0.40 ,0.18 , 2.84,0.50 ,0.24 , 2.55,0.50 ,0.28 , 1.86,0.60 ,0.32 , 1.68,0.60 ,0.38 , 1.57,0.60 ,0.42 , 1.14,0.60 ,0.40 , 1.03,0.60 ,0.41 , 0.94,0.50 ,0.40 , 0.86,0.50 ,0.37 , 0.79,0.50 ,0.37 , 0.65,0.40 ,0.28 , 0.48,0.30 ,0.26 , 0.42,0.30 ,0.25 , 0.39,0.30 ,0.24 , 0.37,0.30 ,0.24 , 0.38,0.30 ,0.24 , 0.37,0.30 ,0.22 , 0.34,0.30 ,0.17 , 0.32,0.30 ,0.18 , 0.33,0.30 ,0.22 , 0.37,0.30 ,0.22 , 0.36,0.30 ,0.21 , 0.35,0.30 ,0.20 , 0.34,0.30 ,0.19 , 0.33,0.30 ,0.18 , 0.32,0.20 ,0.17 , 0.31,0.20 ,0.16 , 0.30,0.20 ,0.15 , 0.28
Comoros,<0.01 ,<0.01 , 0.02,<0.01 ,<0.01 , 0.02,<0.01 ,<0.01 , 0.02,0.01 ,<0.01 , 0.02,0.01 ,<0.01 , 0.03,0.01 ,<0.01 , 0.03,0.01 ,<0.01 , 0.03,0.02 ,<0.01 , 0.04,0.02 ,<0.01 , 0.04,0.02 ,0.01 , 0.04,0.02 ,0.01 , 0.05,0.03 ,0.01 , 0.05,0.03 ,0.02 , 0.06,0.03 ,0.02 , 0.06,0.03 ,0.02 , 0.06,0.03 ,0.01 , 0.06,0.03 ,0.01 , 0.07,0.03 ,0.01 , 0.07,0.03 ,0.01 , 0.07,0.03 ,0.01 , 0.07,0.02 ,<0.01 , 0.06,0.02 ,<0.01 , 0.05,0.02 ,<0.01 , 0.04,0.01 ,<0.01 , 0.03,0.01 ,<0.01 , 0.03,0.01 ,<0.01 , 0.03,<0.01 ,<0.01 , 0.03,<0.01 ,<0.01 , 0.02,<0.01 ,<0.01 , 0.02
Congo,9.20 ,6.83 , 12.20,7.80 ,5.92 , 10.60,7.80 ,5.86 , 10.70,5.90 ,4.42 , 8.34,5.40 ,4.10 , 7.37,4.60 ,3.46 , 6.02,4.20 ,3.20 , 5.34,3.70 ,2.85 , 4.65,3.50 ,2.68 , 4.24,3.60 ,2.81 , 4.22,3.20 ,2.58 , 3.78,3.00 ,2.43 , 3.53,2.80 ,2.27 , 3.34,2.70 ,2.15 , 3.23,2.40 ,1.91 , 2.92,2.60 ,2.06 , 3.20,2.30 ,1.83 , 2.89,2.20 ,1.65 , 2.80,2.20 ,1.63 , 2.89,2.30 ,1.67 , 3.03,2.10 ,1.44 , 2.75,2.10 ,1.36 , 2.77,2.00 ,1.28 , 2.76,1.90 ,1.21 , 2.79,1.90 ,1.13 , 2.81,1.80 ,1.10 , 2.94,1.70 ,1.01 , 3.03,1.60 ,0.91 , 3.06,1.60 ,0.87 , 3.15
Costa Rica,0.20 ,0.15 , 0.16,0.20 ,0.16 , 0.17,0.20 ,0.17 , 0.18,0.20 ,0.17 , 0.18,0.20 ,0.18 , 0.19,0.20 ,0.19 , 0.20,0.20 ,0.20 , 0.21,0.20 ,0.21 , 0.21,0.20 ,0.21 , 0.22,0.20 ,0.22 , 0.23,0.20 ,0.23 , 0.24,0.20 ,0.24 , 0.25,0.20 ,0.24 , 0.26,0.30 ,0.25 , 0.26,0.30 ,0.26 , 0.27,0.30 ,0.27 , 0.28,0.30 ,0.27 , 0.29,0.30 ,0.28 , 0.30,0.30 ,0.29 , 0.31,0.30 ,0.29 , 0.31,0.30 ,0.30 , 0.32,0.30 ,0.30 , 0.33,0.30 ,0.31 , 0.34,0.30 ,0.31 , 0.34,0.30 ,0.32 , 0.35,0.30 ,0.32 , 0.36,0.30 ,0.33 , 0.36,0.30 ,0.33 , 0.37,0.40 ,0.33 , 0.37
Croatia,<0.01 ,<0.01 , 0.01,<0.01 ,<0.01 , 0.01,<0.01 ,<0.01 , 0.01,0.01 ,<0.01 , 0.01,0.01 ,<0.01 , 0.01,0.01 ,0.01 , 0.02,0.01 ,0.01 , 0.02,0.02 ,0.01 , 0.02,0.02 ,0.01 , 0.02,0.02 ,0.02 , 0.02,0.02 ,0.02 , 0.03,0.02 ,0.02 , 0.03,0.03 ,0.02 , 0.03,0.03 ,0.02 , 0.03,0.03 ,0.02 , 0.04,0.03 ,0.03 , 0.04,0.03 ,0.03 , 0.04,0.03 ,0.03 , 0.04,0.03 ,0.03 , 0.04,0.03 ,0.03 , 0.04,0.03 ,0.03 , 0.05,0.04 ,0.03 , 0.05,0.04 ,0.03 , 0.05,0.04 ,0.03 , 0.05,0.04 ,0.03 , 0.05,0.04 ,0.03 , 0.05,0.04 ,0.03 , 0.05,0.04 ,0.03 , 0.05,0.04 ,0.03 , 0.05
Cuba,<0.01 ,0.02 , 0.03,<0.01 ,0.02 , 0.04,<0.01 ,0.02 , 0.04,<0.01 ,0.03 , 0.05,<0.01 ,0.03 , 0.06,0.10 ,0.04 , 0.07,0.10 ,0.04 , 0.08,0.10 ,0.05 , 0.09,0.10 ,0.06 , 0.11,0.10 ,0.07 , 0.13,0.10 ,0.08 , 0.15,0.10 ,0.09 , 0.17,0.20 ,0.10 , 0.19,0.20 ,0.12 , 0.22,0.20 ,0.13 , 0.25,0.20 ,0.15 , 0.27,0.20 ,0.16 , 0.31,0.30 ,0.18 , 0.34,0.30 ,0.19 , 0.37,0.30 ,0.21 , 0.41,0.30 ,0.22 , 0.43,0.30 ,0.23 , 0.45,0.40 ,0.24 , 0.46,0.40 ,0.24 , 0.46,0.30 ,0.23 , 0.46,0.30 ,0.23 , 0.45,0.30 ,0.21 , 0.43,0.30 ,0.20 , 0.40,0.30 ,0.18 , 0.36
Cyprus,... ,... , ...,... ,... , ...,... ,... , ...,... ,... , ...,... ,... , ...,... ,... , ...,... ,... , ...,... ,... , ...,... ,... , ...,... ,... , ...,... ,... , ...,... ,... , ...,... ,... , ...,... ,... , ...,... ,... , ...,... ,... , ...,... ,... , ...,... ,... , ...,... ,... , ...,... ,... , ...,... ,... , ...,... ,... , ...,... ,... , ...,... ,... , ...,... ,... , ...,... ,... , ...,... ,... , ...,... ,... , ...,... ,... , ...
Czechia,<0.01 ,<0.01 , <0.01,<0.01 ,<0.01 , <0.01,<0.01 ,<0.01 , <0.01,<0.01 ,<0.01 , <0.01,<0.01 ,<0.01 , <0.01,<0.01 ,<0.01 , <0.01,<0.01 ,<0.01 , <0.01,<0.01 ,<0.01 , <0.01,<0.01 ,<0.01 , 0.01,0.01 ,0.01 , 0.01,0.01 ,0.01 , 0.01,0.01 ,0.01 , 0.01,0.02 ,0.01 , 0.02,0.02 ,0.02 , 0.02,0.02 ,0.02 , 0.02,0.02 ,0.02 , 0.02,0.02 ,0.02 , 0.03,0.03 ,0.02 , 0.03,0.03 ,0.03 , 0.03,0.03 ,0.03 , 0.04,0.04 ,0.03 , 0.04,0.04 ,0.04 , 0.04,0.05 ,0.04 , 0.05,0.05 ,0.05 , 0.06,0.06 ,0.05 , 0.06,0.06 ,0.06 , 0.07,0.07 ,0.06 , 0.08,0.08 ,0.07 , 0.09,0.09 ,0.08 , 0.09
CÃ´te d'Ivoire,9.58 ,5.11 , 17.76,10.00 ,5.34 , 18.55,9.94 ,5.30 , 18.43,9.26 ,4.94 , 17.18,8.39 ,4.48 , 15.57,7.46 ,3.98 , 13.84,6.69 ,3.57 , 12.40,5.88 ,3.14 , 10.91,5.24 ,2.79 , 9.71,4.67 ,2.49 , 8.65,4.23 ,2.26 , 7.84,3.81 ,2.03 , 7.07,3.47 ,1.85 , 6.43,3.17 ,1.69 , 5.88,2.88 ,1.54 , 5.35,2.64 ,1.41 , 4.89,2.45 ,1.31 , 4.54,2.29 ,1.22 , 4.25,2.17 ,1.16 , 4.02,1.96 ,1.04 , 3.63,1.87 ,1.00 , 3.47,1.79 ,0.95 , 3.32,1.69 ,0.90 , 3.14,1.58 ,0.84 , 2.93,1.49 ,0.80 , 2.77,1.39 ,0.74 , 2.58,1.30 ,0.69 , 2.41,1.19 ,0.64 , 2.21,1.08 ,0.58 , 2.01
Democratic People's Republic of Korea,... ,... , ...,... ,... , ...,... ,... , ...,... ,... , ...,... ,... , ...,... ,... , ...,... ,... , ...,... ,... , ...,... ,... , ...,... ,... , ...,... ,... , ...,... ,... , ...,... ,... , ...,... ,... , ...,... ,... , ...,... ,... , ...,... ,... , ...,... ,... , ...,... ,... , ...,... ,... , ...,... ,... , ...,... ,... , ...,... ,... , ...,... ,... , ...,... ,... , ...,... ,... , ...,... ,... , ...,... ,... , ...,... ,... , ...
Democratic Republic of the Congo,2.70 ,2.20 , 3.11,2.60 ,2.10 , 3.03,2.50 ,2.00 , 2.93,2.40 ,1.89 , 2.78,2.20 ,1.72 , 2.58,2.00 ,1.59 , 2.37,1.80 ,1.49 , 2.18,1.70 ,1.38 , 1.99,1.50 ,1.25 , 1.80,1.40 ,1.18 , 1.69,1.30 ,1.09 , 1.56,1.20 ,0.99 , 1.41,1.10 ,0.93 , 1.33,1.00 ,0.83 , 1.21,1.00 ,0.78 , 1.13,0.90 ,0.71 , 1.03,0.80 ,0.64 , 0.94,0.70 ,0.60 , 0.90,0.70 ,0.53 , 0.83,0.60 ,0.49 , 0.79,0.60 ,0.43 , 0.70,0.50 ,0.39 , 0.66,0.50 ,0.36 , 0.61,0.40 ,0.33 , 0.57,0.40 ,0.30 , 0.54,0.40 ,0.27 , 0.51,0.40 ,0.24 , 0.48,0.30 ,0.22 , 0.44,0.30 ,0.18 , 0.40
Denmark,0.12 ,0.11 , 0.14,0.11 ,0.10 , 0.13,0.10 ,0.09 , 0.12,0.10 ,0.09 , 0.11,0.09 ,0.08 , 0.10,0.09 ,0.08 , 0.10,0.08 ,0.08 , 0.10,0.08 ,0.08 , 0.10,0.08 ,0.08 , 0.10,0.09 ,0.08 , 0.10,0.09 ,0.08 , 0.10,0.09 ,0.08 , 0.11,0.09 ,0.08 , 0.11,0.08 ,0.07 , 0.10,0.08 ,0.07 , 0.10,0.08 ,0.07 , 0.10,0.08 ,0.07 , 0.09,0.07 ,0.06 , 0.09,0.07 ,0.06 , 0.08,0.06 ,0.06 , 0.08,0.06 ,0.05 , 0.08,0.06 ,0.05 , 0.07,0.06 ,0.05 , 0.07,0.05 ,0.05 , 0.07,0.05 ,0.04 , 0.06,0.05 ,0.04 , 0.06,0.05 ,0.04 , 0.06,0.05 ,0.04 , 0.06,0.05 ,0.04 , 0.06
Djibouti,0.70 ,0.22 , 1.62,1.10 ,0.40 , 2.36,1.60 ,0.64 , 3.10,2.10 ,0.99 , 3.84,2.70 ,1.45 , 4.52,3.20 ,1.94 , 4.78,3.60 ,2.49 , 4.95,3.80 ,2.89 , 4.97,3.80 ,3.10 , 4.76,3.70 ,2.89 , 4.64,3.30 ,2.38 , 4.11,2.80 ,1.86 , 3.50,2.30 ,1.43 , 2.99,1.70 ,1.06 , 2.35,1.30 ,0.79 , 1.82,1.10 ,0.66 , 1.54,0.90 ,0.56 , 1.37,0.70 ,0.43 , 1.09,0.60 ,0.40 , 0.94,0.60 ,0.42 , 0.91,0.70 ,0.43 , 0.88,0.70 ,0.47 , 0.94,0.70 ,0.50 , 1.01,0.80 ,0.51 , 1.07,0.80 ,0.53 , 1.13,0.80 ,0.53 , 1.19,0.80 ,0.53 , 1.22,0.80 ,0.50 , 1.23,0.80 ,0.49 , 1.20
Dominica,0.29 ,0.23 , 0.34,0.30 ,0.24 , 0.37,0.31 ,0.25 , 0.39,0.32 ,0.27 , 0.39,0.33 ,0.29 , 0.39,0.34 ,0.30 , 0.38,0.34 ,0.30 , 0.38,0.35 ,0.31 , 0.40,0.36 ,0.32 , 0.41,0.37 ,0.33 , 0.42,0.37 ,0.33 , 0.43,0.38 ,0.32 , 0.43,0.38 ,0.32 , 0.43,0.38 ,0.33 , 0.43,0.39 ,0.33 , 0.44,0.39 ,0.34 , 0.44,0.39 ,0.34 , 0.44,0.40 ,0.35 , 0.45,0.41 ,0.35 , 0.45,0.41 ,0.36 , 0.46,0.41 ,0.35 , 0.47,0.41 ,0.35 , 0.47,0.40 ,0.33 , 0.46,0.39 ,0.32 , 0.46,0.39 ,0.31 , 0.45,0.42 ,0.33 , 0.49,0.45 ,0.35 , 0.53,0.47 ,0.36 , 0.56,0.49 ,0.38 , 0.58
Dominican Republic,2.10 ,1.51 , 2.98,2.10 ,1.49 , 3.10,2.30 ,1.55 , 3.32,2.40 ,1.61 , 3.67,2.40 ,1.57 , 3.58,2.40 ,1.59 , 3.67,2.20 ,1.47 , 3.38,2.10 ,1.37 , 2.99,2.00 ,1.38 , 2.73,1.70 ,1.26 , 2.31,1.60 ,1.18 , 2.09,1.30 ,1.01 , 1.73,1.10 ,0.86 , 1.46,1.00 ,0.76 , 1.31,0.90 ,0.66 , 1.15,0.90 ,0.69 , 1.22,0.70 ,0.53 , 0.94,0.70 ,0.48 , 0.88,0.60 ,0.45 , 0.83,0.60 ,0.41 , 0.80,0.50 ,0.38 , 0.76,0.50 ,0.36 , 0.73,0.50 ,0.34 , 0.71,0.50 ,0.32 , 0.70,0.50 ,0.32 , 0.73,0.50 ,0.29 , 0.78,0.50 ,0.25 , 0.83,0.50 ,0.23 , 0.95,0.40 ,0.20 , 1.00
Ecuador,0.40 ,0.10 , 1.21,0.40 ,0.13 , 1.19,0.40 ,0.17 , 1.21,0.40 ,0.20 , 1.05,0.40 ,0.20 , 0.90,0.40 ,0.20 , 0.82,0.40 ,0.22 , 0.78,0.40 ,0.23 , 0.73,0.40 ,0.25 , 0.73,0.40 ,0.26 , 0.75,0.40 ,0.24 , 0.71,0.30 ,0.20 , 0.57,0.30 ,0.22 , 0.60,0.30 ,0.21 , 0.60,0.30 ,0.22 , 0.62,0.30 ,0.21 , 0.60,0.30 ,0.21 , 0.61,0.30 ,0.19 , 0.56,0.30 ,0.19 , 0.57,0.30 ,0.18 , 0.54,0.30 ,0.17 , 0.54,0.30 ,0.16 , 0.52,0.30 ,0.16 , 0.51,0.30 ,0.15 , 0.50,0.30 ,0.15 , 0.50,0.30 ,0.15 , 0.49,0.30 ,0.14 , 0.48,0.20 ,0.13 , 0.46,0.20 ,0.12 , 0.45
Egypt,<0.01 ,<0.01 , <0.01,<0.01 ,<0.01 , <0.01,<0.01 ,<0.01 , <0.01,<0.01 ,<0.01 , <0.01,<0.01 ,<0.01 , <0.01,<0.01 ,<0.01 , <0.01,<0.01 ,<0.01 , <0.01,<0.01 ,<0.01 , <0.01,<0.01 ,<0.01 , <0.01,<0.01 ,<0.01 , <0.01,<0.01 ,<0.01 , <0.01,<0.01 ,<0.01 , <0.01,<0.01 ,<0.01 , <0.01,0.01 ,0.01 , 0.01,0.01 ,0.01 , 0.01,0.01 ,0.01 , 0.01,0.02 ,0.02 , 0.02,0.02 ,0.02 , 0.02,0.02 ,0.02 , 0.02,0.02 ,0.02 , 0.02,0.02 ,0.02 , 0.03,0.03 ,0.03 , 0.03,0.03 ,0.03 , 0.03,0.04 ,0.03 , 0.04,0.04 ,0.04 , 0.04,0.05 ,0.04 , 0.05,0.05 ,0.05 , 0.05,0.06 ,0.06 , 0.06,0.06 ,0.06 , 0.07
El Salvador,0.40 ,0.33 , 0.51,0.50 ,0.39 , 0.61,0.60 ,0.44 , 0.70,0.60 ,0.50 , 0.78,0.70 ,0.55 , 0.86,0.70 ,0.59 , 0.92,0.80 ,0.62 , 0.97,0.80 ,0.64 , 1.01,0.80 ,0.65 , 1.02,0.80 ,0.65 , 1.03,0.80 ,0.65 , 1.01,0.80 ,0.63 , 0.99,0.80 ,0.60 , 0.95,0.70 ,0.57 , 0.90,0.70 ,0.54 , 0.84,0.60 ,0.50 , 0.78,0.60 ,0.46 , 0.72,0.50 ,0.41 , 0.65,0.50 ,0.38 , 0.59,0.40 ,0.34 , 0.54,0.40 ,0.31 , 0.48,0.40 ,0.28 , 0.43,0.30 ,0.25 , 0.40,0.30 ,0.23 , 0.36,0.30 ,0.21 , 0.33,0.20 ,0.19 , 0.30,0.20 ,0.17 , 0.27,0.20 ,0.16 , 0.25,0.20 ,0.14 , 0.22
Equatorial Guinea,2.20 ,1.24 , 3.67,2.60 ,1.57 , 4.22,3.00 ,1.88 , 4.78,3.50 ,2.27 , 5.46,3.90 ,2.61 , 5.94,4.30 ,2.94 , 6.49,4.60 ,3.20 , 6.84,4.90 ,3.43 , 7.05,5.20 ,3.68 , 7.31,5.60 ,4.03 , 7.66,5.60 ,4.12 , 7.52,5.60 ,4.26 , 7.46,5.80 ,4.43 , 7.45,5.80 ,4.52 , 7.30,6.10 ,4.81 , 7.58,5.90 ,4.77 , 7.28,6.10 ,4.98 , 7.60,6.30 ,5.03 , 7.74,6.40 ,5.16 , 8.01,6.30 ,4.90 , 7.88,6.60 ,5.11 , 8.36,6.70 ,5.16 , 8.64,6.80 ,5.11 , 8.91,6.70 ,4.85 , 8.96,6.40 ,4.49 , 9.21,6.50 ,4.39 , 9.48,6.60 ,4.34 , 9.94,6.50 ,4.08 , 10.10,6.20 ,3.61 , 10.20
Eritrea,2.50 ,1.18 , 4.20,2.70 ,1.57 , 4.44,2.80 ,1.78 , 4.37,2.70 ,1.91 , 4.01,2.70 ,1.73 , 3.79,2.30 ,1.46 , 3.25,1.90 ,1.25 , 2.89,1.60 ,1.11 , 2.39,1.40 ,0.98 , 2.02,1.20 ,0.82 , 1.68,0.90 ,0.67 , 1.35,0.90 ,0.61 , 1.23,0.80 ,0.54 , 1.07,0.70 ,0.49 , 0.97,0.60 ,0.45 , 0.90,0.60 ,0.40 , 0.83,0.50 ,0.36 , 0.76,0.50 ,0.32 , 0.70,0.40 ,0.28 , 0.66,0.40 ,0.26 , 0.62,0.40 ,0.25 , 0.60,0.40 ,0.22 , 0.58,0.30 ,0.20 , 0.54,0.30 ,0.19 , 0.53,0.30 ,0.17 , 0.51,0.30 ,0.15 , 0.48,0.30 ,0.14 , 0.46,0.20 ,0.13 , 0.45,0.20 ,0.12 , 0.42
Estonia,<0.01 ,<0.01 , <0.01,<0.01 ,<0.01 , <0.01,<0.01 ,<0.01 , <0.01,<0.01 ,0.01 , 0.02,<0.01 ,0.03 , 0.04,0.10 ,0.06 , 0.08,0.10 ,0.13 , 0.16,0.30 ,0.28 , 0.33,0.60 ,0.57 , 0.65,1.20 ,1.14 , 1.23,2.10 ,2.06 , 2.16,2.30 ,2.21 , 2.34,0.30 ,0.30 , 0.32,0.40 ,0.36 , 0.38,0.40 ,0.40 , 0.42,0.40 ,0.42 , 0.44,0.40 ,0.43 , 0.46,0.50 ,0.44 , 0.46,0.50 ,0.44 , 0.46,0.50 ,0.44 , 0.47,0.50 ,0.44 , 0.47,0.50 ,0.44 , 0.47,0.50 ,0.44 , 0.47,0.50 ,0.44 , 0.47,0.50 ,0.44 , 0.47,0.50 ,0.44 , 0.47,0.50 ,0.44 , 0.47,0.50 ,0.44 , 0.47,0.50 ,0.44 , 0.47
Eswatini,7.40 ,5.69 , 9.58,14.20 ,11.20 , 18.10,23.50 ,18.80 , 29.70,33.70 ,27.80 , 41.40,43.20 ,37.10 , 50.90,48.10 ,42.80 , 54.30,49.30 ,44.20 , 54.60,47.90 ,43.40 , 52.50,44.10 ,40.10 , 48.30,40.90 ,37.40 , 44.10,38.20 ,35.40 , 40.70,35.70 ,33.70 , 37.80,33.70 ,32.20 , 35.20,32.00 ,30.80 , 33.10,30.90 ,29.90 , 32.10,29.80 ,28.80 , 31.10,29.20 ,28.00 , 30.50,28.40 ,27.10 , 29.80,27.50 ,26.20 , 29.10,27.40 ,26.00 , 29.00,26.50 ,25.10 , 28.10,25.00 ,23.70 , 26.40,24.50 ,23.10 , 26.00,24.00 ,22.50 , 25.70,23.10 ,21.70 , 24.90,21.20 ,19.70 , 22.90,19.20 ,17.70 , 21.10,17.20 ,15.50 , 19.40,15.40 ,13.70 , 17.60
Ethiopia,4.70 ,2.78 , 8.32,5.07 ,3.01 , 8.98,5.03 ,2.98 , 8.91,4.46 ,2.64 , 7.90,3.86 ,2.29 , 6.84,3.12 ,1.85 , 5.53,2.60 ,1.54 , 4.61,2.20 ,1.31 , 3.90,1.86 ,1.10 , 3.29,1.62 ,0.96 , 2.87,1.43 ,0.85 , 2.53,1.31 ,0.78 , 2.32,1.17 ,0.70 , 2.08,1.08 ,0.64 , 1.91,1.00 ,0.59 , 1.76,0.90 ,0.53 , 1.59,0.85 ,0.50 , 1.50,0.78 ,0.46 , 1.39,0.73 ,0.43 , 1.29,0.68 ,0.40 , 1.20,0.63 ,0.37 , 1.11,0.59 ,0.35 , 1.05,0.56 ,0.33 , 0.99,0.50 ,0.29 , 0.88,0.48 ,0.28 , 0.85,0.46 ,0.27 , 0.81,0.44 ,0.26 , 0.78,0.42 ,0.25 , 0.74,0.40 ,0.24 , 0.72
Fiji,... ,... , ...,... ,... , ...,... ,... , ...,... ,... , ...,... ,... , ...,... ,... , ...,... ,... , ...,... ,... , ...,... ,... , ...,... ,... , ...,... ,... , ...,... ,... , ...,... ,... , ...,... ,... , ...,... ,... , ...,... ,... , ...,... ,... , ...,... ,... , ...,... ,... , ...,... ,... , ...,... ,... , ...,... ,... , ...,... ,... , ...,... ,... , ...,... ,... , ...,... ,... , ...,... ,... , ...,... ,... , ...,... ,... , ...
Finland,0.03 ,0.02 , 0.03,0.03 ,0.02 , 0.04,0.04 ,0.03 , 0.05,0.04 ,0.03 , 0.05,0.04 ,0.03 , 0.05,0.03 ,0.03 , 0.05,0.03 ,0.02 , 0.04,0.03 ,0.02 , 0.04,0.03 ,0.02 , 0.04,0.03 ,0.03 , 0.04,0.04 ,0.03 , 0.05,0.05 ,0.04 , 0.06,0.06 ,0.05 , 0.07,0.07 ,0.05 , 0.08,0.07 ,0.06 , 0.09,0.08 ,0.06 , 0.10,0.08 ,0.06 , 0.10,0.07 ,0.06 , 0.09,0.07 ,0.06 , 0.09,0.07 ,0.05 , 0.08,0.06 ,0.05 , 0.08,0.06 ,0.05 , 0.07,0.06 ,0.04 , 0.07,0.06 ,0.04 , 0.07,0.06 ,0.04 , 0.07,0.06 ,0.04 , 0.08,0.07 ,0.05 , 0.09,0.07 ,0.05 , 0.10,0.07 ,0.05 , 0.10
France,0.20 ,0.16 , 0.19,0.20 ,0.17 , 0.20,0.20 ,0.18 , 0.21,0.20 ,0.18 , 0.21,0.20 ,0.19 , 0.23,0.20 ,0.19 , 0.23,0.20 ,0.17 , 0.20,0.20 ,0.18 , 0.21,0.20 ,0.16 , 0.19,0.20 ,0.17 , 0.20,0.20 ,0.17 , 0.21,0.20 ,0.18 , 0.21,0.20 ,0.19 , 0.22,0.20 ,0.22 , 0.26,0.20 ,0.20 , 0.23,0.20 ,0.20 , 0.23,0.20 ,0.17 , 0.20,0.20 ,0.18 , 0.21,0.20 ,0.17 , 0.19,0.20 ,0.16 , 0.18,0.20 ,0.15 , 0.17,0.20 ,0.16 , 0.18,0.20 ,0.16 , 0.18,0.20 ,0.16 , 0.19,0.20 ,0.18 , 0.21,0.20 ,0.18 , 0.21,0.20 ,0.17 , 0.20,0.20 ,0.17 , 0.20,0.20 ,0.17 , 0.20
Gabon,2.90 ,1.76 , 4.52,3.50 ,2.17 , 5.44,4.20 ,2.62 , 6.50,5.00 ,3.17 , 7.64,5.50 ,3.52 , 8.26,5.90 ,3.91 , 8.46,6.20 ,4.10 , 8.84,6.20 ,4.07 , 9.20,6.00 ,4.07 , 8.70,5.40 ,3.70 , 7.50,5.10 ,3.66 , 6.81,4.60 ,3.41 , 5.91,4.10 ,3.11 , 5.23,3.80 ,2.98 , 4.74,3.60 ,2.84 , 4.55,3.30 ,2.52 , 4.15,3.10 ,2.35 , 4.00,3.00 ,2.30 , 3.90,2.90 ,2.25 , 3.81,2.90 ,2.21 , 3.82,2.70 ,2.06 , 3.70,2.60 ,1.93 , 3.68,2.50 ,1.77 , 3.53,2.30 ,1.58 , 3.36,2.10 ,1.42 , 3.26,2.00 ,1.29 , 3.25,1.80 ,1.10 , 3.14,1.60 ,0.93 , 3.04,1.50 ,0.81 , 3.03
Gambia,0.40 ,0.24 , 0.68,0.60 ,0.38 , 0.97,0.80 ,0.53 , 1.26,1.10 ,0.75 , 1.63,1.50 ,1.02 , 2.06,1.90 ,1.30 , 2.53,2.30 ,1.63 , 3.04,2.50 ,1.79 , 3.30,2.80 ,1.97 , 3.64,2.80 ,2.06 , 3.71,2.70 ,2.02 , 3.59,2.70 ,2.03 , 3.59,2.60 ,1.88 , 3.43,2.30 ,1.69 , 3.11,2.20 ,1.62 , 2.95,2.10 ,1.58 , 2.83,2.10 ,1.55 , 2.79,2.00 ,1.52 , 2.75,2.00 ,1.50 , 2.73,2.10 ,1.54 , 2.78,2.00 ,1.50 , 2.68,1.90 ,1.45 , 2.60,1.90 ,1.39 , 2.53,1.80 ,1.36 , 2.51,1.90 ,1.35 , 2.52,1.90 ,1.35 , 2.65,1.90 ,1.36 , 2.66,1.80 ,1.33 , 2.61,1.80 ,1.29 , 2.60
Georgia,<0.01 ,<0.01 , <0.01,<0.01 ,<0.01 , 0.01,<0.01 ,<0.01 , 0.01,<0.01 ,<0.01 , 0.02,<0.01 ,0.01 , 0.03,<0.01 ,0.02 , 0.04,<0.01 ,0.02 , 0.05,<0.01 ,0.03 , 0.07,0.10 ,0.05 , 0.09,0.10 ,0.06 , 0.11,0.10 ,0.08 , 0.13,0.10 ,0.10 , 0.16,0.20 ,0.12 , 0.19,0.20 ,0.14 , 0.22,0.20 ,0.15 , 0.25,0.20 ,0.17 , 0.27,0.20 ,0.18 , 0.29,0.30 ,0.20 , 0.32,0.30 ,0.21 , 0.34,0.30 ,0.23 , 0.37,0.30 ,0.25 , 0.39,0.30 ,0.27 , 0.41,0.30 ,0.28 , 0.41,0.30 ,0.27 , 0.41,0.30 ,0.26 , 0.40,0.30 ,0.26 , 0.41,0.30 ,0.26 , 0.41,0.30 ,0.25 , 0.42,0.30 ,0.25 , 0.44
Germany,0.08 ,0.07 , 0.08,0.07 ,0.06 , 0.07,0.06 ,0.05 , 0.06,0.05 ,0.04 , 0.05,0.05 ,0.04 , 0.05,0.04 ,0.04 , 0.05,0.04 ,0.04 , 0.05,0.04 ,0.04 , 0.05,0.04 ,0.04 , 0.04,0.04 ,0.03 , 0.04,0.04 ,0.04 , 0.04,0.05 ,0.05 , 0.05,0.06 ,0.06 , 0.06,0.07 ,0.06 , 0.07,0.08 ,0.07 , 0.09,0.08 ,0.08 , 0.09,0.09 ,0.08 , 0.09,0.08 ,0.08 , 0.09,0.07 ,0.07 , 0.08,0.07 ,0.06 , 0.07,0.06 ,0.06 , 0.07,0.06 ,0.06 , 0.07,0.07 ,0.06 , 0.07,0.07 ,0.06 , 0.07,0.07 ,0.07 , 0.08,0.07 ,0.06 , 0.07,0.07 ,0.06 , 0.07,0.06 ,0.06 , 0.07,0.06 ,0.06 , 0.07
Ghana,3.00 ,2.39 , 3.69,3.20 ,2.69 , 3.81,3.50 ,3.02 , 4.07,3.50 ,3.04 , 4.06,3.50 ,2.97 , 4.05,3.30 ,2.74 , 3.82,3.10 ,2.52 , 3.63,2.80 ,2.32 , 3.33,2.60 ,2.11 , 3.03,2.30 ,1.92 , 2.75,2.20 ,1.81 , 2.55,2.00 ,1.67 , 2.35,1.90 ,1.56 , 2.17,1.80 ,1.49 , 2.08,1.70 ,1.43 , 1.98,1.60 ,1.35 , 1.89,1.50 ,1.28 , 1.82,1.50 ,1.25 , 1.79,1.40 ,1.18 , 1.67,1.40 ,1.16 , 1.66,1.30 ,1.10 , 1.60,1.30 ,1.04 , 1.54,1.20 ,0.99 , 1.49,1.20 ,0.95 , 1.46,1.20 ,0.94 , 1.47,1.10 ,0.90 , 1.45,1.10 ,0.88 , 1.44,1.10 ,0.85 , 1.41,1.10 ,0.83 , 1.41
Greece,... ,... , ...,... ,... , ...,... ,... , ...,... ,... , ...,... ,... , ...,... ,... , ...,... ,... , ...,... ,... , ...,... ,... , ...,... ,... , ...,... ,... , ...,... ,... , ...,... ,... , ...,... ,... , ...,... ,... , ...,... ,... , ...,... ,... , ...,... ,... , ...,... ,... , ...,... ,... , ...,... ,... , ...,... ,... , ...,... ,... , ...,... ,... , ...,... ,... , ...,... ,... , ...,... ,... , ...,... ,... , ...,... ,... , ...
Grenada,0.20 ,0.17 , 0.25,0.20 ,0.19 , 0.28,0.20 ,0.20 , 0.30,0.30 ,0.22 , 0.33,0.30 ,0.24 , 0.35,0.30 ,0.25 , 0.37,0.30 ,0.27 , 0.38,0.30 ,0.28 , 0.40,0.40 ,0.30 , 0.42,0.40 ,0.31 , 0.43,0.40 ,0.32 , 0.45,0.40 ,0.33 , 0.46,0.40 ,0.35 , 0.47,0.40 ,0.35 , 0.47,0.40 ,0.36 , 0.48,0.40 ,0.37 , 0.49,0.40 ,0.38 , 0.50,0.40 ,0.39 , 0.50,0.40 ,0.40 , 0.51,0.50 ,0.40 , 0.52,0.50 ,0.41 , 0.53,0.50 ,0.40 , 0.53,0.40 ,0.35 , 0.48,0.40 ,0.34 , 0.47,0.40 ,0.35 , 0.49,0.40 ,0.36 , 0.51,0.40 ,0.34 , 0.49,0.40 ,0.34 , 0.50,0.40 ,0.33 , 0.49
Guatemala,0.70 ,0.67 , 0.72,0.80 ,0.75 , 0.82,0.80 ,0.79 , 0.87,0.90 ,0.82 , 0.91,0.90 ,0.84 , 0.94,1.00 ,0.90 , 0.98,1.00 ,0.91 , 1.00,1.00 ,0.88 , 0.99,1.00 ,0.87 , 0.95,0.90 ,0.84 , 0.92,0.90 ,0.84 , 0.88,0.80 ,0.72 , 0.77,0.70 ,0.62 , 0.67,0.60 ,0.54 , 0.57,0.50 ,0.52 , 0.52,0.40 ,0.44 , 0.44,0.40 ,0.37 , 0.37,0.30 ,0.34 , 0.34,0.30 ,0.31 , 0.31,0.30 ,0.30 , 0.30,0.20 ,0.25 , 0.25,0.20 ,0.24 , 0.24,0.20 ,0.23 , 0.23,0.20 ,0.22 , 0.22,0.20 ,0.21 , 0.21,0.20 ,0.21 , 0.21,0.20 ,0.22 , 0.22,0.20 ,0.22 , 0.22,0.20 ,0.22 , 0.22
Guinea,1.60 ,0.97 , 2.57,1.70 ,1.12 , 2.66,2.00 ,1.31 , 2.79,2.10 ,1.47 , 2.81,2.30 ,1.69 , 2.95,2.30 ,1.68 , 2.87,2.30 ,1.72 , 2.80,2.20 ,1.77 , 2.76,2.10 ,1.76 , 2.67,2.00 ,1.66 , 2.45,1.90 ,1.61 , 2.33,1.80 ,1.51 , 2.18,1.70 ,1.42 , 2.04,1.60 ,1.33 , 1.89,1.50 ,1.28 , 1.81,1.40 ,1.21 , 1.70,1.40 ,1.23 , 1.69,1.30 ,1.13 , 1.58,1.40 ,1.15 , 1.60,1.30 ,1.07 , 1.50,1.20 ,1.00 , 1.44,1.10 ,0.93 , 1.38,1.10 ,0.87 , 1.33,1.00 ,0.80 , 1.30,1.00 ,0.79 , 1.28,1.00 ,0.74 , 1.24,0.90 ,0.71 , 1.22,0.90 ,0.65 , 1.19,0.80 ,0.59 , 1.15
Guinea-Bissau,1.40 ,1.10 , 1.74,2.00 ,1.60 , 2.33,2.50 ,2.10 , 2.92,3.20 ,2.69 , 3.62,3.80 ,3.28 , 4.30,4.40 ,3.84 , 4.93,4.90 ,4.20 , 5.43,5.10 ,4.47 , 5.80,5.20 ,4.56 , 5.96,5.30 ,4.57 , 6.04,5.10 ,4.43 , 5.92,5.00 ,4.29 , 5.73,4.80 ,4.13 , 5.61,4.60 ,3.89 , 5.31,4.40 ,3.70 , 5.08,4.20 ,3.46 , 4.75,3.90 ,3.27 , 4.47,3.90 ,3.24 , 4.37,3.70 ,3.18 , 4.20,3.50 ,2.99 , 3.96,3.30 ,2.80 , 3.73,3.10 ,2.62 , 3.55,2.90 ,2.43 , 3.36,2.70 ,2.25 , 3.17,2.60 ,2.14 , 3.05,2.50 ,2.00 , 2.89,2.30 ,1.85 , 2.74,2.10 ,1.69 , 2.57,2.00 ,1.58 , 2.47
Guyana,0.10 ,0.02 , 0.12,0.10 ,0.03 , 0.17,0.10 ,0.05 , 0.24,0.20 ,0.09 , 0.34,0.30 ,0.13 , 0.46,0.40 ,0.22 , 0.61,0.60 ,0.32 , 0.81,0.80 ,0.48 , 1.08,1.00 ,0.67 , 1.34,1.30 ,0.95 , 1.71,1.50 ,1.23 , 1.97,1.80 ,1.49 , 2.18,1.90 ,1.61 , 2.22,2.00 ,1.67 , 2.29,1.90 ,1.64 , 2.27,1.80 ,1.51 , 2.12,1.60 ,1.38 , 1.93,1.30 ,1.07 , 1.64,1.20 ,1.04 , 1.51,1.10 ,0.97 , 1.40,1.10 ,0.88 , 1.33,1.10 ,0.84 , 1.33,1.00 ,0.78 , 1.31,1.00 ,0.74 , 1.30,1.00 ,0.71 , 1.28,0.90 ,0.68 , 1.27,0.90 ,0.64 , 1.23,0.90 ,0.60 , 1.19,0.80 ,0.57 , 1.15
Haiti,5.70 ,4.51 , 6.89,5.40 ,4.25 , 6.71,4.80 ,3.77 , 5.99,4.20 ,3.33 , 5.22,3.70 ,2.94 , 4.62,3.30 ,2.58 , 4.08,3.00 ,2.33 , 3.70,2.80 ,2.20 , 3.48,2.50 ,2.00 , 3.13,2.40 ,1.88 , 2.92,2.20 ,1.78 , 2.75,2.10 ,1.67 , 2.57,1.90 ,1.60 , 2.44,1.80 ,1.49 , 2.26,1.70 ,1.43 , 2.15,1.70 ,1.38 , 2.06,1.60 ,1.31 , 1.93,1.50 ,1.26 , 1.82,1.40 ,1.19 , 1.77,1.40 ,1.16 , 1.75,1.40 ,1.14 , 1.74,1.40 ,1.13 , 1.70,1.40 ,1.11 , 1.68,1.30 ,1.06 , 1.64,1.30 ,0.99 , 1.59,1.20 ,0.93 , 1.56,1.20 ,0.88 , 1.55,1.10 ,0.81 , 1.51,1.10 ,0.78 , 1.49
Honduras,2.50 ,1.80 , 3.50,2.30 ,1.67 , 2.99,2.30 ,1.68 , 2.85,1.90 ,1.48 , 2.42,1.50 ,1.18 , 1.86,1.20 ,0.96 , 1.56,1.10 ,0.80 , 1.37,1.00 ,0.67 , 1.23,0.60 ,0.43 , 0.84,0.50 ,0.31 , 0.65,0.40 ,0.26 , 0.56,0.40 ,0.23 , 0.50,0.30 ,0.18 , 0.38,0.20 ,0.16 , 0.32,0.20 ,0.14 , 0.28,0.20 ,0.12 , 0.26,0.20 ,0.11 , 0.25,0.20 ,0.11 , 0.23,0.20 ,0.10 , 0.23,0.20 ,0.10 , 0.22,0.20 ,0.10 , 0.21,0.10 ,0.10 , 0.20,0.10 ,0.10 , 0.21,0.10 ,0.09 , 0.20,0.10 ,0.09 , 0.20,0.10 ,0.08 , 0.21,0.10 ,0.08 , 0.21,0.10 ,0.08 , 0.20,0.10 ,0.08 , 0.20
Hungary,0.01 ,0.01 , 0.01,0.01 ,0.01 , 0.01,0.01 ,0.01 , 0.01,0.01 ,0.01 , 0.02,0.01 ,0.01 , 0.02,0.01 ,0.01 , 0.01,0.01 ,0.01 , 0.01,0.01 ,0.01 , 0.01,0.01 ,0.01 , 0.01,0.01 ,0.01 , 0.01,0.01 ,0.01 , 0.01,0.01 ,0.01 , 0.01,0.01 ,0.01 , 0.01,0.01 ,0.01 , 0.02,0.02 ,0.02 , 0.02,0.02 ,0.02 , 0.02,0.03 ,0.03 , 0.03,0.03 ,0.03 , 0.03,0.04 ,0.04 , 0.04,0.04 ,0.04 , 0.04,0.04 ,0.04 , 0.05,0.05 ,0.04 , 0.05,0.05 ,0.04 , 0.05,0.05 ,0.04 , 0.05,0.05 ,0.04 , 0.05,0.05 ,0.04 , 0.05,0.04 ,0.04 , 0.05,0.04 ,0.04 , 0.05,0.04 ,0.04 , 0.05
Iceland,<0.01 ,0.04 , 0.04,<0.01 ,0.04 , 0.05,<0.01 ,0.05 , 0.05,<0.01 ,0.05 , 0.05,0.10 ,0.05 , 0.05,0.10 ,0.05 , 0.06,0.10 ,0.05 , 0.06,0.10 ,0.06 , 0.06,0.10 ,0.06 , 0.06,0.10 ,0.06 , 0.06,0.10 ,0.06 , 0.07,0.10 ,0.06 , 0.07,0.10 ,0.06 , 0.07,0.10 ,0.07 , 0.07,0.10 ,0.07 , 0.08,0.10 ,0.07 , 0.08,0.10 ,0.07 , 0.08,0.10 ,0.07 , 0.08,0.10 ,0.08 , 0.08,0.10 ,0.08 , 0.09,0.10 ,0.08 , 0.09,0.10 ,0.08 , 0.09,0.10 ,0.08 , 0.09,0.10 ,0.09 , 0.10,0.10 ,0.09 , 0.10,0.10 ,0.09 , 0.10,0.10 ,0.09 , 0.10,0.10 ,0.09 , 0.11,0.10 ,0.09 , 0.11
India,... ,... , ...,... ,... , ...,... ,... , ...,... ,... , ...,... ,... , ...,... ,... , ...,... ,... , ...,... ,... , ...,... ,... , ...,... ,... , ...,... ,... , ...,... ,... , ...,... ,... , ...,... ,... , ...,... ,... , ...,... ,... , ...,... ,... , ...,... ,... , ...,... ,... , ...,... ,... , ...,... ,... , ...,... ,... , ...,... ,... , ...,... ,... , ...,... ,... , ...,... ,... , ...,... ,... , ...,... ,... , ...,... ,... , ...
Indonesia,<0.01 ,<0.01 , <0.01,<0.01 ,<0.01 , <0.01,<0.01 ,<0.01 , <0.01,<0.01 ,0.01 , 0.02,<0.01 ,0.02 , 0.03,<0.01 ,0.04 , 0.05,0.10 ,0.07 , 0.09,0.10 ,0.09 , 0.12,0.10 ,0.11 , 0.15,0.20 ,0.14 , 0.18,0.20 ,0.18 , 0.23,0.30 ,0.23 , 0.31,0.40 ,0.31 , 0.41,0.40 ,0.37 , 0.49,0.50 ,0.40 , 0.53,0.50 ,0.42 , 0.55,0.50 ,0.44 , 0.57,0.50 ,0.43 , 0.55,0.50 ,0.40 , 0.52,0.50 ,0.40 , 0.52,0.40 ,0.39 , 0.51,0.40 ,0.38 , 0.49,0.40 ,0.36 , 0.47,0.40 ,0.34 , 0.45,0.40 ,0.32 , 0.42,0.30 ,0.30 , 0.39,0.30 ,0.28 , 0.37,0.30 ,0.27 , 0.36,0.30 ,0.26 , 0.35
Iran (Islamic Republic of),0.01 ,<0.01 , 0.08,0.01 ,<0.01 , 0.08,0.01 ,<0.01 , 0.08,0.02 ,<0.01 , 0.07,0.02 ,<0.01 , 0.06,0.03 ,0.01 , 0.11,0.04 ,0.02 , 0.17,0.07 ,0.03 , 0.21,0.08 ,0.03 , 0.19,0.09 ,0.04 , 0.20,0.12 ,0.06 , 0.21,0.13 ,0.08 , 0.21,0.13 ,0.08 , 0.20,0.13 ,0.09 , 0.20,0.13 ,0.09 , 0.21,0.13 ,0.09 , 0.20,0.12 ,0.08 , 0.17,0.12 ,0.08 , 0.17,0.11 ,0.08 , 0.16,0.11 ,0.07 , 0.17,0.10 ,0.05 , 0.17,0.10 ,0.05 , 0.17,0.09 ,0.04 , 0.19,0.09 ,0.03 , 0.21,0.09 ,0.03 , 0.22,0.09 ,0.03 , 0.22,0.09 ,0.02 , 0.23,0.09 ,0.02 , 0.24,0.08 ,0.02 , 0.23
Ireland,0.10 ,0.05 , 0.06,0.10 ,0.05 , 0.06,0.10 ,0.06 , 0.07,0.10 ,0.06 , 0.07,0.10 ,0.06 , 0.08,0.10 ,0.07 , 0.08,0.10 ,0.07 , 0.08,0.10 ,0.08 , 0.09,0.10 ,0.08 , 0.09,0.10 ,0.08 , 0.10,0.10 ,0.09 , 0.10,0.10 ,0.09 , 0.10,0.10 ,0.09 , 0.11,0.10 ,0.10 , 0.11,0.10 ,0.10 , 0.12,0.10 ,0.10 , 0.12,0.10 ,0.11 , 0.12,0.10 ,0.11 , 0.13,0.10 ,0.11 , 0.13,0.10 ,0.12 , 0.14,0.10 ,0.12 , 0.14,0.10 ,0.12 , 0.14,0.10 ,0.12 , 0.15,0.10 ,0.13 , 0.15,0.10 ,0.13 , 0.15,0.10 ,0.13 , 0.15,0.10 ,0.13 , 0.16,0.10 ,0.13 , 0.16,0.10 ,0.14 , 0.16
Israel,0.06 ,0.06 , 0.06,0.06 ,0.06 , 0.06,0.07 ,0.06 , 0.07,0.07 ,0.07 , 0.08,0.08 ,0.08 , 0.08,0.08 ,0.08 , 0.08,0.09 ,0.08 , 0.09,0.08 ,0.08 , 0.09,0.09 ,0.08 , 0.09,0.09 ,0.08 , 0.09,0.09 ,0.09 , 0.09,0.09 ,0.09 , 0.09,0.09 ,0.09 , 0.10,0.10 ,0.09 , 0.10,0.10 ,0.10 , 0.10,0.10 ,0.10 , 0.10,0.10 ,0.10 , 0.10,0.10 ,0.10 , 0.11,0.11 ,0.10 , 0.11,0.10 ,0.10 , 0.11,0.11 ,0.10 , 0.11,0.11 ,0.10 , 0.11,0.11 ,0.10 , 0.11,0.11 ,0.11 , 0.11,0.11 ,0.11 , 0.11,0.11 ,0.11 , 0.11,0.11 ,0.10 , 0.11,0.10 ,0.10 , 0.10,0.10 ,0.10 , 0.10
Italy,0.10 ,0.15 , 0.15,0.10 ,0.14 , 0.14,0.10 ,0.13 , 0.14,0.10 ,0.14 , 0.14,0.10 ,0.14 , 0.14,0.10 ,0.15 , 0.15,0.10 ,0.15 , 0.15,0.20 ,0.15 , 0.15,0.20 ,0.15 , 0.16,0.20 ,0.15 , 0.16,0.20 ,0.16 , 0.16,0.20 ,0.16 , 0.16,0.20 ,0.16 , 0.16,0.20 ,0.16 , 0.16,0.20 ,0.16 , 0.16,0.20 ,0.15 , 0.16,0.20 ,0.15 , 0.16,0.20 ,0.15 , 0.15,0.10 ,0.15 , 0.15,0.10 ,0.14 , 0.15,0.10 ,0.14 , 0.14,0.10 ,0.14 , 0.14,0.10 ,0.13 , 0.14,0.10 ,0.13 , 0.13,0.10 ,0.12 , 0.13,0.10 ,0.12 , 0.12,0.10 ,0.11 , 0.11,0.10 ,0.11 , 0.11,0.10 ,0.10 , 0.10
Jamaica,... ,... , ...,... ,... , ...,... ,... , ...,... ,... , ...,... ,... , ...,... ,... , ...,... ,... , ...,... ,... , ...,... ,... , ...,... ,... , ...,... ,... , ...,... ,... , ...,... ,... , ...,... ,... , ...,... ,... , ...,... ,... , ...,... ,... , ...,... ,... , ...,... ,... , ...,... ,... , ...,... ,... , ...,... ,... , ...,... ,... , ...,... ,... , ...,... ,... , ...,... ,... , ...,... ,... , ...,... ,... , ...,... ,... , ...
Japan,<0.01 ,<0.01 , <0.01,<0.01 ,<0.01 , <0.01,<0.01 ,<0.01 , <0.01,<0.01 ,<0.01 , <0.01,<0.01 ,<0.01 , <0.01,<0.01 ,<0.01 , <0.01,<0.01 ,<0.01 , <0.01,<0.01 ,<0.01 , 0.01,0.01 ,<0.01 , 0.01,0.01 ,0.01 , 0.01,0.01 ,0.01 , 0.01,0.02 ,0.01 , 0.02,0.02 ,0.02 , 0.02,0.02 ,0.02 , 0.02,0.02 ,0.02 , 0.02,0.02 ,0.02 , 0.02,0.02 ,0.02 , 0.03,0.02 ,0.02 , 0.03,0.03 ,0.02 , 0.03,0.03 ,0.02 , 0.03,0.03 ,0.02 , 0.03,0.03 ,0.02 , 0.03,0.03 ,0.02 , 0.03,0.03 ,0.02 , 0.03,0.03 ,0.02 , 0.03,0.02 ,0.02 , 0.03,0.02 ,0.02 , 0.03,0.02 ,0.02 , 0.02,0.02 ,0.02 , 0.02
Jordan,<0.01 ,<0.01 , <0.01,<0.01 ,<0.01 , <0.01,<0.01 ,<0.01 , <0.01,<0.01 ,<0.01 , <0.01,<0.01 ,<0.01 , <0.01,<0.01 ,<0.01 , <0.01,<0.01 ,<0.01 , <0.01,<0.01 ,<0.01 , <0.01,<0.01 ,<0.01 , <0.01,<0.01 ,<0.01 , <0.01,<0.01 ,<0.01 , <0.01,<0.01 ,<0.01 , <0.01,<0.01 ,<0.01 , <0.01,<0.01 ,<0.01 , <0.01,<0.01 ,<0.01 , <0.01,<0.01 ,<0.01 , <0.01,<0.01 ,<0.01 , <0.01,<0.01 ,<0.01 , <0.01,<0.01 ,<0.01 , <0.01,<0.01 ,<0.01 , <0.01,<0.01 ,<0.01 , <0.01,<0.01 ,<0.01 , <0.01,<0.01 ,<0.01 , <0.01,<0.01 ,<0.01 , <0.01,<0.01 ,<0.01 , <0.01,<0.01 ,<0.01 , <0.01,<0.01 ,<0.01 , <0.01,<0.01 ,<0.01 , <0.01,<0.01 ,<0.01 , <0.01
Kazakhstan,<0.01 ,<0.01 , <0.01,<0.01 ,<0.01 , <0.01,<0.01 ,<0.01 , <0.01,<0.01 ,<0.01 , <0.01,<0.01 ,<0.01 , <0.01,<0.01 ,<0.01 , <0.01,<0.01 ,0.01 , 0.01,<0.01 ,0.02 , 0.02,<0.01 ,0.02 , 0.02,<0.01 ,0.03 , 0.03,<0.01 ,0.03 , 0.04,<0.01 ,0.04 , 0.05,0.10 ,0.06 , 0.06,0.10 ,0.07 , 0.07,0.10 ,0.08 , 0.09,0.10 ,0.10 , 0.10,0.10 ,0.12 , 0.12,0.10 ,0.14 , 0.14,0.20 ,0.16 , 0.16,0.20 ,0.17 , 0.18,0.20 ,0.19 , 0.19,0.20 ,0.20 , 0.20,0.20 ,0.21 , 0.22,0.20 ,0.22 , 0.23,0.20 ,0.23 , 0.23,0.20 ,0.23 , 0.24,0.20 ,0.24 , 0.25,0.20 ,0.24 , 0.25,0.20 ,0.24 , 0.25
Kenya,18.20 ,10.56 , 31.90,20.41 ,11.84 , 35.77,21.14 ,12.27 , 37.06,20.27 ,11.76 , 35.53,18.15 ,10.53 , 31.81,15.35 ,8.90 , 26.90,12.56 ,7.28 , 22.01,10.43 ,6.05 , 18.28,8.69 ,5.04 , 15.24,7.40 ,4.29 , 12.97,6.44 ,3.74 , 11.29,5.78 ,3.35 , 10.13,5.18 ,3.00 , 9.08,4.71 ,2.74 , 8.26,4.40 ,2.56 , 7.72,4.06 ,2.35 , 7.11,3.69 ,2.14 , 6.46,3.39 ,1.97 , 5.95,3.19 ,1.85 , 5.60,2.94 ,1.71 , 5.15,2.65 ,1.54 , 4.64,2.47 ,1.43 , 4.33,2.30 ,1.34 , 4.04,2.20 ,1.27 , 3.85,2.10 ,1.22 , 3.68,1.98 ,1.15 , 3.47,1.83 ,1.06 , 3.21,1.72 ,1.00 , 3.01,1.62 ,0.94 , 2.85
Kuwait,<0.01 ,<0.01 , 0.01,0.01 ,0.01 , 0.01,0.01 ,0.01 , 0.01,0.02 ,0.01 , 0.02,0.02 ,0.02 , 0.02,0.02 ,0.02 , 0.02,0.02 ,0.02 , 0.02,0.02 ,0.02 , 0.02,0.03 ,0.02 , 0.03,0.03 ,0.03 , 0.03,0.03 ,0.03 , 0.03,0.03 ,0.03 , 0.03,0.04 ,0.04 , 0.04,0.04 ,0.04 , 0.04,0.04 ,0.04 , 0.04,0.05 ,0.05 , 0.05,0.05 ,0.05 , 0.05,0.05 ,0.05 , 0.05,0.05 ,0.05 , 0.05,0.06 ,0.05 , 0.06,0.06 ,0.06 , 0.06,0.06 ,0.06 , 0.07,0.06 ,0.06 , 0.07,0.06 ,0.06 , 0.07,0.06 ,0.06 , 0.07,0.06 ,0.06 , 0.07,0.07 ,0.06 , 0.07,0.06 ,0.05 , 0.07,0.06 ,0.05 , 0.07
Kyrgyzstan,<0.01 ,<0.01 , 0.01,<0.01 ,<0.01 , 0.02,<0.01 ,0.01 , 0.02,<0.01 ,0.01 , 0.03,<0.01 ,0.02 , 0.03,<0.01 ,0.02 , 0.04,<0.01 ,0.03 , 0.04,<0.01 ,0.03 , 0.05,<0.01 ,0.03 , 0.05,<0.01 ,0.04 , 0.06,0.10 ,0.04 , 0.07,0.10 ,0.05 , 0.07,0.10 ,0.05 , 0.09,0.10 ,0.06 , 0.10,0.10 ,0.07 , 0.12,0.10 ,0.08 , 0.14,0.10 ,0.09 , 0.16,0.10 ,0.10 , 0.18,0.10 ,0.11 , 0.20,0.30 ,0.19 , 0.36,0.30 ,0.25 , 0.45,0.30 ,0.24 , 0.43,0.30 ,0.22 , 0.41,0.30 ,0.20 , 0.39,0.30 ,0.17 , 0.36,0.20 ,0.14 , 0.33,0.20 ,0.11 , 0.30,0.20 ,0.09 , 0.28,0.20 ,0.08 , 0.27
Lao People's Democratic Republic,<0.01 ,<0.01 , <0.01,<0.01 ,<0.01 , <0.01,<0.01 ,<0.01 , 0.01,<0.01 ,0.01 , 0.02,<0.01 ,0.02 , 0.03,<0.01 ,0.03 , 0.04,0.10 ,0.05 , 0.06,0.10 ,0.08 , 0.11,0.20 ,0.14 , 0.18,0.20 ,0.21 , 0.27,0.30 ,0.29 , 0.37,0.40 ,0.34 , 0.43,0.40 ,0.37 , 0.47,0.40 ,0.37 , 0.47,0.40 ,0.37 , 0.46,0.40 ,0.35 , 0.44,0.40 ,0.32 , 0.41,0.30 ,0.30 , 0.39,0.30 ,0.28 , 0.36,0.30 ,0.26 , 0.33,0.30 ,0.24 , 0.31,0.30 ,0.22 , 0.28,0.20 ,0.20 , 0.26,0.20 ,0.19 , 0.24,0.20 ,0.17 , 0.21,0.20 ,0.15 , 0.19,0.20 ,0.14 , 0.18,0.10 ,0.13 , 0.16,0.10 ,0.11 , 0.15
Latvia,0.10 ,0.06 , 0.07,0.10 ,0.07 , 0.09,0.10 ,0.09 , 0.11,0.10 ,0.10 , 0.12,0.10 ,0.12 , 0.14,0.10 ,0.13 , 0.16,0.20 ,0.15 , 0.18,0.20 ,0.17 , 0.20,0.20 ,0.18 , 0.21,0.60 ,0.58 , 0.69,0.20 ,0.21 , 0.25,0.20 ,0.20 , 0.31,0.30 ,0.24 , 0.28,0.30 ,0.25 , 0.30,0.30 ,0.27 , 0.31,0.30 ,0.28 , 0.32,0.30 ,0.29 , 0.34,0.30 ,0.30 , 0.34,0.30 ,0.30 , 0.35,0.30 ,0.31 , 0.36,0.30 ,0.32 , 0.37,0.30 ,0.32 , 0.37,0.40 ,0.32 , 0.38,0.40 ,0.33 , 0.39,0.40 ,0.33 , 0.39,0.40 ,0.34 , 0.39,0.40 ,0.34 , 0.40,0.40 ,0.35 , 0.41,0.40 ,0.35 , 0.41
Lebanon,0.05 ,0.04 , 0.05,0.05 ,0.05 , 0.05,0.05 ,0.05 , 0.05,0.05 ,0.05 , 0.06,0.05 ,0.05 , 0.06,0.05 ,0.05 , 0.06,0.05 ,0.05 , 0.06,0.05 ,0.05 , 0.05,0.05 ,0.05 , 0.05,0.05 ,0.05 , 0.05,0.05 ,0.05 , 0.05,0.05 ,0.05 , 0.05,0.05 ,0.05 , 0.05,0.05 ,0.05 , 0.05,0.05 ,0.05 , 0.05,0.05 ,0.04 , 0.05,0.05 ,0.04 , 0.05,0.04 ,0.04 , 0.05,0.04 ,0.04 , 0.05,0.04 ,0.04 , 0.05,0.04 ,0.04 , 0.05,0.04 ,0.04 , 0.04,0.04 ,0.04 , 0.04,0.04 ,0.04 , 0.04,0.04 ,0.04 , 0.04,0.04 ,0.04 , 0.04,0.04 ,0.04 , 0.04,0.04 ,0.04 , 0.04,0.04 ,0.04 , 0.04
Lesotho,11.90 ,9.42 , 15.00,16.50 ,13.50 , 20.10,22.20 ,18.60 , 26.30,28.20 ,23.90 , 33.50,34.60 ,29.40 , 40.20,39.90 ,33.90 , 45.40,43.00 ,36.90 , 48.60,43.50 ,37.60 , 48.60,42.00 ,36.90 , 46.30,39.10 ,34.50 , 43.90,36.30 ,31.90 , 40.40,32.30 ,28.40 , 36.60,29.60 ,25.90 , 33.30,27.20 ,23.70 , 30.40,25.20 ,22.10 , 28.20,24.10 ,21.20 , 26.70,23.30 ,20.50 , 25.20,23.70 ,21.50 , 25.10,23.60 ,21.90 , 25.00,23.10 ,21.40 , 24.40,21.60 ,19.50 , 22.90,20.70 ,18.60 , 22.00,20.30 ,18.20 , 21.70,19.60 ,17.50 , 21.20,18.80 ,16.80 , 20.50,18.00 ,16.10 , 19.90,16.60 ,14.70 , 18.50,14.90 ,13.00 , 17.00,13.40 ,11.50 , 15.80
Liberia,4.10 ,3.98 , 4.28,5.20 ,5.20 , 5.24,4.00 ,3.59 , 4.40,3.80 ,3.50 , 4.11,3.50 ,3.14 , 3.86,3.20 ,2.94 , 3.57,2.80 ,2.61 , 3.20,2.40 ,2.08 , 2.45,2.90 ,2.87 , 2.87,2.50 ,2.50 , 2.50,2.10 ,2.14 , 2.14,1.90 ,1.92 , 1.92,1.70 ,1.72 , 1.72,1.50 ,1.53 , 1.53,1.40 ,1.41 , 1.41,1.30 ,1.32 , 1.32,1.20 ,1.25 , 1.25,1.10 ,1.12 , 1.12,1.10 ,1.14 , 1.14,1.10 ,1.09 , 1.09,1.00 ,1.04 , 1.04,1.00 ,0.98 , 0.98,0.90 ,0.93 , 0.93,0.90 ,0.89 , 0.89,0.80 ,0.84 , 0.84,0.80 ,0.81 , 0.81,0.80 ,0.77 , 0.77,0.70 ,0.72 , 0.72,0.60 ,0.65 , 0.65
Libya,<0.01 ,<0.01 , <0.01,<0.01 ,<0.01 , 0.01,<0.01 ,0.01 , 0.01,<0.01 ,0.01 , 0.02,<0.01 ,0.02 , 0.02,<0.01 ,0.02 , 0.03,<0.01 ,0.03 , 0.03,<0.01 ,0.04 , 0.04,<0.01 ,0.05 , 0.05,0.10 ,0.06 , 0.06,0.10 ,0.07 , 0.08,0.10 ,0.09 , 0.09,0.10 ,0.10 , 0.11,0.10 ,0.12 , 0.13,0.10 ,0.14 , 0.14,0.20 ,0.15 , 0.16,0.20 ,0.17 , 0.17,0.20 ,0.18 , 0.19,0.20 ,0.18 , 0.19,0.20 ,0.19 , 0.20,0.20 ,0.19 , 0.20,0.20 ,0.18 , 0.20,0.20 ,0.17 , 0.19,0.20 ,0.16 , 0.18,0.20 ,0.15 , 0.17,0.10 ,0.14 , 0.16,0.10 ,0.13 , 0.14,0.10 ,0.12 , 0.13,0.10 ,0.10 , 0.12
Lithuania,... ,... , ...,... ,... , ...,... ,... , ...,... ,... , ...,... ,... , ...,... ,... , ...,... ,... , ...,... ,... , ...,... ,... , ...,... ,... , ...,... ,... , ...,... ,... , ...,... ,... , ...,... ,... , ...,... ,... , ...,... ,... , ...,... ,... , ...,... ,... , ...,... ,... , ...,... ,... , ...,... ,... , ...,... ,... , ...,... ,... , ...,... ,... , ...,... ,... , ...,... ,... , ...,... ,... , ...,... ,... , ...,... ,... , ...
Luxembourg,0.10 ,0.09 , 0.10,0.10 ,0.09 , 0.10,0.10 ,0.09 , 0.10,0.10 ,0.10 , 0.11,0.10 ,0.10 , 0.11,0.10 ,0.10 , 0.11,0.10 ,0.10 , 0.11,0.10 ,0.10 , 0.11,0.10 ,0.10 , 0.11,0.10 ,0.10 , 0.11,0.10 ,0.11 , 0.12,0.10 ,0.11 , 0.12,0.10 ,0.11 , 0.12,0.10 ,0.12 , 0.13,0.10 ,0.12 , 0.14,0.10 ,0.13 , 0.14,0.10 ,0.14 , 0.15,0.10 ,0.14 , 0.16,0.20 ,0.15 , 0.17,0.20 ,0.15 , 0.17,0.20 ,0.15 , 0.18,0.20 ,0.16 , 0.18,0.20 ,0.16 , 0.19,0.20 ,0.16 , 0.19,0.20 ,0.16 , 0.19,0.20 ,0.16 , 0.19,0.20 ,0.16 , 0.19,0.20 ,0.15 , 0.18,0.20 ,0.15 , 0.18
Madagascar,<0.01 ,<0.01 , 0.12,0.10 ,0.01 , 0.17,0.10 ,0.02 , 0.23,0.10 ,0.04 , 0.32,0.20 ,0.06 , 0.38,0.20 ,0.09 , 0.42,0.20 ,0.12 , 0.45,0.30 ,0.16 , 0.45,0.30 ,0.20 , 0.45,0.30 ,0.22 , 0.42,0.30 ,0.22 , 0.38,0.30 ,0.20 , 0.35,0.30 ,0.19 , 0.32,0.20 ,0.16 , 0.29,0.20 ,0.15 , 0.26,0.20 ,0.13 , 0.23,0.20 ,0.13 , 0.21,0.20 ,0.12 , 0.20,0.20 ,0.13 , 0.20,0.20 ,0.14 , 0.21,0.20 ,0.15 , 0.23,0.20 ,0.17 , 0.26,0.20 ,0.19 , 0.29,0.30 ,0.20 , 0.32,0.30 ,0.22 , 0.38,0.30 ,0.24 , 0.45,0.30 ,0.25 , 0.54,0.40 ,0.26 , 0.66,0.40 ,0.28 , 0.82
Malawi,20.30 ,17.80 , 22.60,21.60 ,19.40 , 23.90,22.20 ,20.00 , 24.90,22.10 ,19.80 , 24.60,21.40 ,19.00 , 23.80,20.50 ,18.10 , 22.80,19.10 ,16.80 , 21.10,17.90 ,15.90 , 19.50,16.60 ,14.80 , 17.90,15.00 ,13.50 , 16.30,13.80 ,12.70 , 14.90,12.90 ,12.00 , 13.70,12.10 ,11.30 , 12.80,11.30 ,10.60 , 12.10,10.60 ,9.93 , 11.30,9.80 ,9.25 , 10.40,9.00 ,8.51 , 9.58,8.30 ,7.76 , 8.83,7.70 ,7.10 , 8.21,7.30 ,6.78 , 7.81,7.10 ,6.60 , 7.52,6.80 ,6.36 , 7.26,6.40 ,6.00 , 6.93,6.00 ,5.57 , 6.55,5.70 ,5.27 , 6.17,5.40 ,4.95 , 5.86,5.10 ,4.61 , 5.67,4.70 ,4.16 , 5.34,4.40 ,3.77 , 5.09
Malaysia,0.55 ,0.49 , 0.61,0.82 ,0.73 , 0.90,0.89 ,0.79 , 0.97,0.77 ,0.69 , 0.85,0.63 ,0.56 , 0.69,0.55 ,0.49 , 0.60,0.50 ,0.45 , 0.55,0.49 ,0.44 , 0.54,0.49 ,0.43 , 0.54,0.49 ,0.43 , 0.53,0.48 ,0.43 , 0.53,0.48 ,0.43 , 0.53,0.45 ,0.40 , 0.50,0.43 ,0.38 , 0.48,0.41 ,0.37 , 0.45,0.39 ,0.35 , 0.43,0.38 ,0.34 , 0.42,0.37 ,0.33 , 0.41,0.36 ,0.32 , 0.40,0.35 ,0.31 , 0.38,0.33 ,0.30 , 0.37,0.32 ,0.29 , 0.35,0.32 ,0.28 , 0.35,0.32 ,0.28 , 0.35,0.31 ,0.27 , 0.34,0.30 ,0.26 , 0.33,0.30 ,0.26 , 0.33,0.29 ,0.26 , 0.32,0.31 ,0.27 , 0.34
Maldives,... ,... , ...,... ,... , ...,... ,... , ...,... ,... , ...,... ,... , ...,... ,... , ...,... ,... , ...,... ,... , ...,... ,... , ...,... ,... , ...,... ,... , ...,... ,... , ...,... ,... , ...,... ,... , ...,... ,... , ...,... ,... , ...,... ,... , ...,... ,... , ...,... ,... , ...,... ,... , ...,... ,... , ...,... ,... , ...,... ,... , ...,... ,... , ...,... ,... , ...,... ,... , ...,... ,... , ...,... ,... , ...,... ,... , ...
Mali,2.60 ,1.49 , 4.16,2.80 ,1.89 , 4.04,2.90 ,2.13 , 3.89,3.00 ,2.19 , 3.66,2.70 ,2.10 , 3.39,2.40 ,1.91 , 3.07,2.10 ,1.65 , 2.73,1.80 ,1.40 , 2.38,1.70 ,1.31 , 2.19,1.60 ,1.24 , 2.01,1.40 ,1.14 , 1.82,1.30 ,1.06 , 1.70,1.20 ,0.95 , 1.52,1.10 ,0.86 , 1.39,1.00 ,0.80 , 1.30,1.00 ,0.75 , 1.24,1.00 ,0.72 , 1.21,0.90 ,0.72 , 1.21,0.90 ,0.73 , 1.22,1.00 ,0.73 , 1.24,1.00 ,0.74 , 1.27,1.00 ,0.76 , 1.31,1.00 ,0.78 , 1.37,1.00 ,0.80 , 1.40,1.10 ,0.81 , 1.45,1.10 ,0.86 , 1.51,1.20 ,0.90 , 1.63,1.20 ,0.94 , 1.72,1.30 ,0.96 , 1.84
Malta,... ,... , ...,... ,... , ...,... ,... , ...,... ,... , ...,... ,... , ...,... ,... , ...,... ,... , ...,... ,... , ...,... ,... , ...,... ,... , ...,... ,... , ...,... ,... , ...,... ,... , ...,... ,... , ...,... ,... , ...,... ,... , ...,... ,... , ...,... ,... , ...,... ,... , ...,... ,... , ...,... ,... , ...,... ,... , ...,... ,... , ...,... ,... , ...,... ,... , ...,... ,... , ...,... ,... , ...,... ,... , ...,... ,... , ...
Mauritania,0.20 ,0.13 , 0.31,0.26 ,0.17 , 0.37,0.33 ,0.23 , 0.45,0.40 ,0.29 , 0.51,0.47 ,0.35 , 0.57,0.55 ,0.43 , 0.65,0.61 ,0.49 , 0.71,0.66 ,0.54 , 0.78,0.70 ,0.59 , 0.84,0.71 ,0.59 , 0.85,0.71 ,0.60 , 0.86,0.66 ,0.56 , 0.81,0.61 ,0.50 , 0.74,0.53 ,0.43 , 0.66,0.44 ,0.34 , 0.55,0.37 ,0.28 , 0.46,0.27 ,0.19 , 0.34,0.19 ,0.14 , 0.26,0.15 ,0.10 , 0.22,0.13 ,0.07 , 0.20,0.11 ,0.06 , 0.19,0.10 ,0.05 , 0.17,0.09 ,0.05 , 0.16,0.08 ,0.04 , 0.15,0.07 ,0.04 , 0.13,0.06 ,0.03 , 0.13,0.06 ,0.03 , 0.12,0.05 ,0.02 , 0.11,0.05 ,0.02 , 0.10
Mauritius,<0.01 ,<0.01 , 0.50,<0.01 ,<0.01 , 0.35,0.10 ,<0.01 , 0.35,0.10 ,0.01 , 0.28,0.10 ,0.02 , 0.45,0.30 ,0.06 , 0.76,0.40 ,0.12 , 1.23,0.60 ,0.24 , 1.74,0.90 ,0.35 , 2.00,1.10 ,0.44 , 1.90,1.40 ,0.64 , 2.09,1.60 ,0.90 , 2.29,1.70 ,1.21 , 2.39,1.80 ,1.46 , 2.40,1.70 ,1.43 , 2.31,1.70 ,1.40 , 2.17,1.60 ,1.37 , 1.96,1.60 ,1.32 , 1.82,1.50 ,1.20 , 1.71,1.40 ,1.06 , 1.63,1.30 ,0.96 , 1.55,1.20 ,0.86 , 1.45,1.10 ,0.78 , 1.38,1.10 ,0.77 , 1.39,1.10 ,0.73 , 1.42,1.10 ,0.72 , 1.45,1.20 ,0.73 , 1.48,1.20 ,0.74 , 1.56,1.20 ,0.74 , 1.58
Mexico,0.26 ,0.14 , 0.86,0.27 ,0.15 , 0.68,0.26 ,0.15 , 0.66,0.26 ,0.16 , 0.55,0.27 ,0.16 , 0.45,0.27 ,0.18 , 0.40,0.26 ,0.18 , 0.39,0.24 ,0.17 , 0.34,0.20 ,0.15 , 0.29,0.20 ,0.16 , 0.31,0.20 ,0.17 , 0.31,0.19 ,0.16 , 0.28,0.20 ,0.17 , 0.28,0.19 ,0.16 , 0.26,0.17 ,0.14 , 0.23,0.17 ,0.14 , 0.21,0.17 ,0.14 , 0.21,0.17 ,0.14 , 0.20,0.16 ,0.13 , 0.20,0.16 ,0.13 , 0.19,0.16 ,0.13 , 0.19,0.16 ,0.12 , 0.19,0.16 ,0.12 , 0.18,0.15 ,0.12 , 0.18,0.15 ,0.11 , 0.18,0.15 ,0.11 , 0.18,0.15 ,0.11 , 0.18,0.14 ,0.10 , 0.18,0.14 ,0.10 , 0.18
Mongolia,<0.01 ,<0.01 , <0.01,<0.01 ,<0.01 , <0.01,<0.01 ,<0.01 , <0.01,<0.01 ,<0.01 , <0.01,<0.01 ,<0.01 , <0.01,<0.01 ,<0.01 , <0.01,<0.01 ,<0.01 , <0.01,<0.01 ,<0.01 , <0.01,<0.01 ,<0.01 , <0.01,<0.01 ,<0.01 , <0.01,0.01 ,<0.01 , 0.01,0.01 ,0.01 , 0.02,0.02 ,0.02 , 0.02,0.03 ,0.02 , 0.03,0.04 ,0.03 , 0.04,0.03 ,0.03 , 0.04,0.03 ,0.03 , 0.03,0.03 ,0.02 , 0.03,0.03 ,0.02 , 0.03,0.03 ,0.03 , 0.03,0.03 ,0.03 , 0.03,0.03 ,0.03 , 0.03,0.03 ,0.03 , 0.03,0.03 ,0.03 , 0.03,0.03 ,0.02 , 0.03,0.03 ,0.02 , 0.03,0.02 ,0.02 , 0.03,0.03 ,0.02 , 0.03,0.02 ,0.02 , 0.03
Montenegro,<0.01 ,<0.01 , <0.01,<0.01 ,<0.01 , <0.01,<0.01 ,<0.01 , <0.01,<0.01 ,<0.01 , 0.01,<0.01 ,<0.01 , 0.01,0.01 ,0.01 , 0.01,0.01 ,0.01 , 0.01,0.02 ,0.01 , 0.02,0.02 ,0.01 , 0.02,0.02 ,0.02 , 0.02,0.02 ,0.02 , 0.02,0.02 ,0.02 , 0.03,0.03 ,0.02 , 0.03,0.03 ,0.03 , 0.03,0.03 ,0.03 , 0.04,0.04 ,0.03 , 0.04,0.04 ,0.03 , 0.04,0.04 ,0.04 , 0.05,0.05 ,0.04 , 0.05,0.06 ,0.05 , 0.06,0.06 ,0.05 , 0.07,0.07 ,0.06 , 0.08,0.08 ,0.07 , 0.08,0.08 ,0.07 , 0.09,0.09 ,0.08 , 0.11,0.10 ,0.09 , 0.12,0.11 ,0.10 , 0.13,0.13 ,0.11 , 0.15,0.14 ,0.12 , 0.16
Morocco,0.04 ,0.03 , 0.07,0.05 ,0.03 , 0.07,0.06 ,0.04 , 0.08,0.06 ,0.04 , 0.09,0.07 ,0.05 , 0.10,0.07 ,0.06 , 0.10,0.08 ,0.06 , 0.11,0.08 ,0.06 , 0.11,0.08 ,0.06 , 0.11,0.08 ,0.06 , 0.11,0.08 ,0.06 , 0.11,0.08 ,0.06 , 0.11,0.08 ,0.06 , 0.12,0.08 ,0.06 , 0.12,0.08 ,0.06 , 0.11,0.08 ,0.06 , 0.10,0.07 ,0.05 , 0.10,0.07 ,0.05 , 0.11,0.07 ,0.05 , 0.10,0.07 ,0.05 , 0.10,0.06 ,0.05 , 0.09,0.06 ,0.05 , 0.09,0.06 ,0.04 , 0.09,0.06 ,0.04 , 0.08,0.05 ,0.04 , 0.08,0.05 ,0.04 , 0.08,0.05 ,0.04 , 0.07,0.05 ,0.03 , 0.07,0.04 ,0.03 , 0.07
Mozambique,4.56 ,2.74 , 7.32,5.78 ,3.51 , 9.37,7.13 ,4.30 , 11.50,8.67 ,5.15 , 13.77,10.01 ,6.03 , 16.13,11.23 ,6.77 , 18.12,12.52 ,7.56 , 20.21,13.68 ,8.20 , 21.92,14.58 ,8.72 , 23.33,15.28 ,9.15 , 24.47,15.43 ,9.25 , 24.72,15.29 ,9.17 , 24.51,14.99 ,8.99 , 24.05,14.61 ,8.79 , 23.50,14.16 ,8.49 , 22.70,13.78 ,8.32 , 22.24,13.57 ,8.13 , 21.75,13.35 ,8.00 , 21.40,13.26 ,7.94 , 21.24,13.06 ,7.84 , 20.98,12.94 ,7.76 , 20.75,12.74 ,7.64 , 20.43,12.53 ,7.51 , 20.07,12.30 ,7.37 , 19.71,11.91 ,7.14 , 19.09,11.46 ,6.87 , 18.37,11.04 ,6.63 , 17.72,10.54 ,6.33 , 16.93,10.10 ,6.07 , 16.24
Myanmar,0.40 ,0.33 , 0.50,0.80 ,0.65 , 0.99,0.90 ,0.71 , 1.04,0.60 ,0.52 , 0.73,0.60 ,0.51 , 0.69,0.60 ,0.53 , 0.71,0.60 ,0.57 , 0.74,0.70 ,0.65 , 0.84,0.80 ,0.71 , 0.92,0.90 ,0.82 , 1.06,1.00 ,0.89 , 1.16,1.00 ,0.87 , 1.12,0.90 ,0.81 , 1.05,0.90 ,0.76 , 0.98,0.80 ,0.72 , 0.93,0.80 ,0.68 , 0.87,0.70 ,0.63 , 0.81,0.70 ,0.60 , 0.77,0.60 ,0.55 , 0.71,0.60 ,0.50 , 0.65,0.50 ,0.47 , 0.61,0.50 ,0.45 , 0.59,0.50 ,0.43 , 0.57,0.50 ,0.41 , 0.55,0.50 ,0.40 , 0.53,0.40 ,0.38 , 0.50,0.40 ,0.36 , 0.47,0.40 ,0.33 , 0.43,0.30 ,0.30 , 0.40
Namibia,7.10 ,6.09 , 8.47,9.90 ,8.65 , 11.50,13.20 ,11.80 , 15.10,17.20 ,15.40 , 19.60,21.00 ,19.10 , 24.00,23.80 ,21.70 , 27.20,25.00 ,22.60 , 28.20,24.30 ,21.70 , 27.40,22.40 ,19.90 , 25.00,19.80 ,17.50 , 22.10,17.70 ,15.50 , 19.40,15.80 ,13.70 , 17.00,14.40 ,12.50 , 15.40,13.40 ,11.60 , 14.20,12.50 ,11.00 , 13.20,11.70 ,10.70 , 12.30,10.90 ,10.10 , 11.50,10.10 ,9.22 , 10.80,9.50 ,8.45 , 10.10,9.30 ,8.10 , 9.91,9.00 ,7.78 , 9.70,8.20 ,7.00 , 8.75,7.80 ,6.66 , 8.34,7.60 ,6.50 , 8.24,6.50 ,5.48 , 7.08,6.10 ,5.16 , 6.75,5.70 ,4.79 , 6.37,5.40 ,4.54 , 6.17,4.90 ,4.14 , 5.68
Nepal,<0.01 ,<0.01 , <0.01,<0.01 ,<0.01 , <0.01,<0.01 ,<0.01 , <0.01,0.02 ,0.01 , 0.02,0.03 ,0.03 , 0.04,0.06 ,0.05 , 0.07,0.11 ,0.09 , 0.13,0.21 ,0.18 , 0.24,0.33 ,0.28 , 0.37,0.38 ,0.33 , 0.44,0.37 ,0.32 , 0.42,0.34 ,0.30 , 0.39,0.33 ,0.29 , 0.38,0.32 ,0.28 , 0.36,0.29 ,0.26 , 0.33,0.27 ,0.24 , 0.31,0.24 ,0.21 , 0.27,0.20 ,0.18 , 0.23,0.18 ,0.16 , 0.20,0.16 ,0.14 , 0.18,0.14 ,0.12 , 0.16,0.12 ,0.10 , 0.13,0.10 ,0.09 , 0.12,0.09 ,0.08 , 0.10,0.08 ,0.07 , 0.09,0.07 ,0.06 , 0.08,0.06 ,0.06 , 0.07,0.06 ,0.05 , 0.06,0.05 ,0.04 , 0.06
Netherlands,0.05 ,0.05 , 0.06,0.05 ,0.04 , 0.06,0.05 ,0.05 , 0.06,0.06 ,0.05 , 0.07,0.07 ,0.06 , 0.08,0.08 ,0.07 , 0.09,0.09 ,0.08 , 0.11,0.10 ,0.09 , 0.12,0.11 ,0.10 , 0.13,0.12 ,0.10 , 0.14,0.12 ,0.11 , 0.14,0.12 ,0.11 , 0.15,0.12 ,0.11 , 0.15,0.12 ,0.10 , 0.15,0.12 ,0.10 , 0.15,0.12 ,0.10 , 0.15,0.12 ,0.10 , 0.15,0.12 ,0.10 , 0.15,0.12 ,0.10 , 0.15,0.11 ,0.10 , 0.15,0.11 ,0.10 , 0.14,0.10 ,0.09 , 0.13,0.09 ,0.08 , 0.12,0.09 ,0.08 , 0.11,0.08 ,0.07 , 0.10,0.07 ,0.06 , 0.09,0.06 ,0.05 , 0.08,0.05 ,0.04 , 0.06,... ,... , ...
New Zealand,0.05 ,0.05 , 0.05,0.04 ,0.04 , 0.05,0.04 ,0.04 , 0.04,0.04 ,0.04 , 0.04,0.04 ,0.04 , 0.04,0.04 ,0.04 , 0.04,0.04 ,0.04 , 0.04,0.04 ,0.04 , 0.04,0.04 ,0.04 , 0.04,0.04 ,0.04 , 0.04,0.05 ,0.05 , 0.05,0.05 ,0.05 , 0.05,0.05 ,0.05 , 0.05,0.06 ,0.05 , 0.06,0.06 ,0.06 , 0.06,0.06 ,0.06 , 0.06,0.06 ,0.06 , 0.07,0.07 ,0.06 , 0.07,0.07 ,0.07 , 0.07,0.07 ,0.07 , 0.07,0.07 ,0.07 , 0.07,0.07 ,0.07 , 0.07,0.07 ,0.07 , 0.07,0.07 ,0.07 , 0.07,0.07 ,0.07 , 0.07,0.07 ,0.06 , 0.07,0.07 ,0.06 , 0.07,0.06 ,0.06 , 0.07,0.06 ,0.06 , 0.06
Nicaragua,<0.01 ,0.01 , 0.71,<0.01 ,0.01 , 0.48,<0.01 ,0.02 , 0.50,0.10 ,0.02 , 0.38,0.10 ,0.03 , 0.26,0.10 ,0.05 , 0.38,0.20 ,0.07 , 0.52,0.20 ,0.10 , 0.51,0.30 ,0.14 , 0.53,0.30 ,0.17 , 0.55,0.30 ,0.19 , 0.54,0.30 ,0.19 , 0.52,0.30 ,0.19 , 0.45,0.20 ,0.17 , 0.36,0.20 ,0.18 , 0.33,0.20 ,0.18 , 0.31,0.20 ,0.18 , 0.30,0.20 ,0.18 , 0.29,0.20 ,0.18 , 0.28,0.20 ,0.15 , 0.26,0.20 ,0.12 , 0.23,0.20 ,0.12 , 0.22,0.10 ,0.11 , 0.21,0.10 ,0.10 , 0.19,0.10 ,0.09 , 0.19,0.10 ,0.09 , 0.18,0.10 ,0.08 , 0.18,0.10 ,0.08 , 0.17,0.10 ,0.07 , 0.16
Niger,0.50 ,0.41 , 0.73,0.70 ,0.51 , 0.84,0.80 ,0.61 , 0.97,0.90 ,0.68 , 1.08,0.90 ,0.70 , 1.09,0.90 ,0.75 , 1.15,0.90 ,0.74 , 1.13,0.90 ,0.70 , 1.04,0.80 ,0.66 , 1.00,0.70 ,0.59 , 0.91,0.70 ,0.55 , 0.85,0.60 ,0.48 , 0.74,0.50 ,0.42 , 0.64,0.50 ,0.37 , 0.57,0.40 ,0.31 , 0.49,0.40 ,0.29 , 0.44,0.30 ,0.23 , 0.37,0.20 ,0.18 , 0.32,0.20 ,0.17 , 0.30,0.20 ,0.16 , 0.29,0.20 ,0.14 , 0.27,0.20 ,0.13 , 0.27,0.20 ,0.12 , 0.25,0.20 ,0.12 , 0.25,0.20 ,0.12 , 0.24,0.20 ,0.11 , 0.23,0.20 ,0.11 , 0.23,0.10 ,0.10 , 0.22,0.10 ,0.10 , 0.21
Nigeria,1.89 ,1.13 , 3.03,2.11 ,1.27 , 3.39,2.24 ,1.34 , 3.59,2.30 ,1.38 , 3.70,2.37 ,1.42 , 3.81,2.38 ,1.43 , 3.82,2.33 ,1.40 , 3.74,2.22 ,1.33 , 3.56,2.14 ,1.28 , 3.43,1.95 ,1.17 , 3.13,1.86 ,1.12 , 2.98,1.71 ,1.03 , 2.75,1.60 ,0.96 , 2.57,1.48 ,0.89 , 2.37,1.40 ,0.84 , 2.25,1.34 ,0.80 , 2.14,1.29 ,0.78 , 2.08,1.26 ,0.75 , 2.02,1.23 ,0.74 , 1.98,1.20 ,0.72 , 1.93,1.18 ,0.71 , 1.89,1.16 ,0.70 , 1.87,1.15 ,0.69 , 1.84,1.11 ,0.67 , 1.79,1.07 ,0.64 , 1.71,1.03 ,0.62 , 1.66,1.02 ,0.61 , 1.64,1.02 ,0.61 , 1.63,1.02 ,0.61 , 1.64
North Macedonia,<0.01 ,<0.01 , <0.01,<0.01 ,<0.01 , <0.01,<0.01 ,<0.01 , <0.01,<0.01 ,<0.01 , <0.01,<0.01 ,<0.01 , <0.01,<0.01 ,<0.01 , <0.01,<0.01 ,<0.01 , <0.01,<0.01 ,<0.01 , <0.01,<0.01 ,<0.01 , <0.01,<0.01 ,<0.01 , <0.01,<0.01 ,<0.01 , <0.01,<0.01 ,<0.01 , <0.01,<0.01 ,<0.01 , <0.01,<0.01 ,<0.01 , 0.01,0.01 ,<0.01 , 0.01,0.01 ,0.01 , 0.01,0.01 ,0.01 , 0.01,0.01 ,0.01 , 0.02,0.02 ,0.02 , 0.02,0.02 ,0.02 , 0.02,0.02 ,0.02 , 0.02,0.02 ,0.02 , 0.03,0.03 ,0.02 , 0.03,0.03 ,0.03 , 0.03,0.03 ,0.03 , 0.04,0.03 ,0.03 , 0.04,0.04 ,0.03 , 0.04,0.04 ,0.03 , 0.05,0.04 ,0.03 , 0.05
Norway,0.03 ,0.03 , 0.04,0.03 ,0.03 , 0.04,0.03 ,0.03 , 0.04,0.04 ,0.03 , 0.04,0.04 ,0.04 , 0.05,0.05 ,0.04 , 0.06,0.05 ,0.05 , 0.06,0.06 ,0.05 , 0.07,0.07 ,0.06 , 0.08,0.07 ,0.06 , 0.09,0.08 ,0.07 , 0.10,0.09 ,0.08 , 0.11,0.10 ,0.08 , 0.12,0.11 ,0.09 , 0.12,0.11 ,0.09 , 0.13,0.11 ,0.09 , 0.13,0.11 ,0.09 , 0.13,0.10 ,0.09 , 0.12,0.10 ,0.08 , 0.12,0.09 ,0.08 , 0.11,0.09 ,0.08 , 0.11,0.09 ,0.07 , 0.10,0.08 ,0.07 , 0.10,0.08 ,0.07 , 0.10,0.08 ,0.06 , 0.09,0.07 ,0.06 , 0.08,0.06 ,0.05 , 0.07,0.05 ,0.05 , 0.06,0.04 ,0.04 , 0.05
Oman,0.10 ,0.13 , 0.15,0.10 ,0.13 , 0.15,0.10 ,0.13 , 0.15,0.10 ,0.11 , 0.19,0.10 ,0.12 , 0.20,0.10 ,0.13 , 0.15,0.10 ,0.13 , 0.14,0.10 ,0.13 , 0.14,0.10 ,0.12 , 0.14,0.10 ,0.12 , 0.13,0.10 ,0.12 , 0.13,0.10 ,0.11 , 0.12,0.10 ,0.11 , 0.12,0.10 ,0.12 , 0.12,0.10 ,0.12 , 0.12,0.10 ,0.12 , 0.12,0.10 ,0.12 , 0.12,0.10 ,0.12 , 0.12,0.10 ,0.12 , 0.12,0.10 ,0.11 , 0.12,0.10 ,0.11 , 0.12,0.10 ,0.11 , 0.12,0.10 ,0.11 , 0.12,0.10 ,0.11 , 0.12,0.10 ,0.11 , 0.12,0.10 ,0.11 , 0.12,0.10 ,0.12 , 0.13,0.10 ,0.12 , 0.13,0.10 ,0.12 , 0.13
Pakistan,<0.01 ,<0.01 , <0.01,<0.01 ,<0.01 , <0.01,<0.01 ,<0.01 , <0.01,<0.01 ,<0.01 , <0.01,<0.01 ,<0.01 , <0.01,<0.01 ,<0.01 , <0.01,<0.01 ,<0.01 , <0.01,<0.01 ,<0.01 , <0.01,<0.01 ,<0.01 , <0.01,<0.01 ,<0.01 , <0.01,<0.01 ,<0.01 , <0.01,<0.01 ,<0.01 , <0.01,<0.01 ,<0.01 , <0.01,<0.01 ,<0.01 , <0.01,<0.01 ,0.02 , 0.02,0.10 ,0.10 , 0.14,0.10 ,0.09 , 0.13,0.10 ,0.11 , 0.15,0.10 ,0.13 , 0.17,0.20 ,0.13 , 0.18,0.10 ,0.13 , 0.17,0.10 ,0.13 , 0.16,0.10 ,0.13 , 0.17,0.20 ,0.14 , 0.18,0.20 ,0.14 , 0.18,0.20 ,0.15 , 0.19,0.20 ,0.15 , 0.20,0.20 ,0.16 , 0.20,0.20 ,0.17 , 0.21
Panama,0.60 ,0.56 , 0.58,0.60 ,0.61 , 0.63,0.70 ,0.65 , 0.68,0.70 ,0.69 , 0.71,0.70 ,0.72 , 0.73,0.70 ,0.73 , 0.75,0.80 ,0.74 , 0.76,0.80 ,0.75 , 0.76,0.80 ,0.75 , 0.76,0.80 ,0.74 , 0.76,0.70 ,0.72 , 0.74,0.70 ,0.72 , 0.74,0.70 ,0.72 , 0.74,0.70 ,0.71 , 0.73,0.70 ,0.71 , 0.73,0.70 ,0.71 , 0.73,0.70 ,0.70 , 0.72,0.70 ,0.70 , 0.72,0.70 ,0.70 , 0.72,0.70 ,0.69 , 0.72,0.70 ,0.68 , 0.70,0.70 ,0.67 , 0.70,0.70 ,0.66 , 0.69,0.70 ,0.66 , 0.68,0.60 ,0.64 , 0.67,0.60 ,0.63 , 0.65,0.60 ,0.61 , 0.64,0.60 ,0.58 , 0.61,0.60 ,0.55 , 0.58
Papua New Guinea,0.20 ,0.11 , 0.29,0.20 ,0.15 , 0.42,0.30 ,0.22 , 0.57,0.50 ,0.30 , 0.75,0.60 ,0.38 , 0.94,0.70 ,0.49 , 1.13,0.80 ,0.60 , 1.24,0.90 ,0.71 , 1.30,1.00 ,0.81 , 1.28,1.20 ,0.93 , 1.38,1.40 ,1.16 , 1.60,1.70 ,1.46 , 1.95,1.80 ,1.59 , 2.10,1.70 ,1.43 , 1.90,1.30 ,1.09 , 1.46,0.80 ,0.72 , 0.95,0.50 ,0.44 , 0.59,0.30 ,0.28 , 0.37,0.30 ,0.23 , 0.29,0.30 ,0.24 , 0.31,0.30 ,0.29 , 0.37,0.40 ,0.35 , 0.44,0.40 ,0.39 , 0.50,0.40 ,0.39 , 0.50,0.40 ,0.37 , 0.48,0.40 ,0.38 , 0.50,0.40 ,0.37 , 0.50,0.40 ,0.36 , 0.49,0.40 ,0.34 , 0.49
Paraguay,0.20 ,0.03 , 0.78,0.20 ,0.04 , 0.77,0.20 ,0.06 , 0.87,0.30 ,0.08 , 1.01,0.50 ,0.13 , 1.42,0.60 ,0.20 , 1.59,0.80 ,0.28 , 1.66,0.90 ,0.37 , 1.67,0.90 ,0.48 , 1.53,0.90 ,0.52 , 1.61,0.90 ,0.53 , 1.46,0.80 ,0.52 , 1.31,0.70 ,0.49 , 1.17,0.60 ,0.43 , 1.07,0.50 ,0.31 , 0.76,0.40 ,0.29 , 0.72,0.40 ,0.29 , 0.76,0.40 ,0.28 , 0.68,0.40 ,0.26 , 0.63,0.40 ,0.25 , 0.59,0.40 ,0.24 , 0.56,0.30 ,0.24 , 0.54,0.30 ,0.24 , 0.54,0.30 ,0.24 , 0.53,0.30 ,0.23 , 0.52,0.30 ,0.22 , 0.51,0.30 ,0.21 , 0.50,0.30 ,0.20 , 0.47,0.30 ,0.18 , 0.46
Peru,0.70 ,0.41 , 1.60,0.70 ,0.48 , 1.19,0.70 ,0.51 , 1.16,0.70 ,0.52 , 1.13,0.70 ,0.51 , 1.12,0.60 ,0.48 , 1.04,0.60 ,0.44 , 0.84,0.40 ,0.31 , 0.60,0.30 ,0.25 , 0.47,0.30 ,0.24 , 0.45,0.30 ,0.24 , 0.43,0.30 ,0.24 , 0.44,0.30 ,0.22 , 0.42,0.30 ,0.20 , 0.41,0.30 ,0.19 , 0.39,0.30 ,0.19 , 0.39,0.30 ,0.19 , 0.39,0.20 ,0.16 , 0.35,0.20 ,0.14 , 0.32,0.20 ,0.13 , 0.32,0.20 ,0.13 , 0.33,0.20 ,0.12 , 0.32,0.20 ,0.12 , 0.32,0.20 ,0.12 , 0.31,0.20 ,0.12 , 0.31,0.20 ,0.11 , 0.30,0.20 ,0.11 , 0.30,0.20 ,0.11 , 0.30,0.20 ,0.10 , 0.29
Philippines,<0.01 ,<0.01 , <0.01,<0.01 ,<0.01 , <0.01,<0.01 ,<0.01 , <0.01,<0.01 ,<0.01 , <0.01,<0.01 ,<0.01 , <0.01,<0.01 ,<0.01 , <0.01,<0.01 ,<0.01 , <0.01,<0.01 ,<0.01 , <0.01,<0.01 ,<0.01 , <0.01,<0.01 ,<0.01 , <0.01,<0.01 ,<0.01 , <0.01,<0.01 ,<0.01 , 0.01,0.01 ,<0.01 , 0.01,0.01 ,0.01 , 0.02,0.02 ,0.01 , 0.02,0.02 ,0.02 , 0.03,0.03 ,0.02 , 0.03,0.04 ,0.03 , 0.04,0.04 ,0.04 , 0.05,0.08 ,0.06 , 0.09,0.09 ,0.07 , 0.11,0.09 ,0.07 , 0.12,0.11 ,0.09 , 0.13,0.13 ,0.10 , 0.16,0.16 ,0.12 , 0.19,0.18 ,0.14 , 0.22,0.20 ,0.15 , 0.24,0.22 ,0.17 , 0.27,0.24 ,0.19 , 0.30
Poland,... ,... , ...,... ,... , ...,... ,... , ...,... ,... , ...,... ,... , ...,... ,... , ...,... ,... , ...,... ,... , ...,... ,... , ...,... ,... , ...,... ,... , ...,... ,... , ...,... ,... , ...,... ,... , ...,... ,... , ...,... ,... , ...,... ,... , ...,... ,... , ...,... ,... , ...,... ,... , ...,... ,... , ...,... ,... , ...,... ,... , ...,... ,... , ...,... ,... , ...,... ,... , ...,... ,... , ...,... ,... , ...,... ,... , ...
Portugal,0.40 ,0.41 , 0.42,0.50 ,0.54 , 0.55,0.60 ,0.64 , 0.65,0.70 ,0.70 , 0.71,0.70 ,0.71 , 0.71,0.70 ,0.68 , 0.68,0.60 ,0.63 , 0.63,0.60 ,0.57 , 0.58,0.50 ,0.51 , 0.52,0.50 ,0.46 , 0.47,0.40 ,0.42 , 0.43,0.40 ,0.39 , 0.39,0.40 ,0.36 , 0.37,0.30 ,0.34 , 0.35,0.30 ,0.33 , 0.33,0.30 ,0.31 , 0.32,0.30 ,0.30 , 0.31,0.30 ,0.29 , 0.30,0.30 ,0.28 , 0.29,0.30 ,0.27 , 0.28,0.30 ,0.26 , 0.27,0.30 ,0.25 , 0.26,0.20 ,0.24 , 0.24,0.20 ,0.22 , 0.23,0.20 ,0.21 , 0.21,0.20 ,0.19 , 0.20,0.20 ,0.18 , 0.18,0.20 ,0.16 , 0.17,0.10 ,0.14 , 0.14
Qatar,... ,... , ...,... ,... , ...,... ,... , ...,... ,... , ...,... ,... , ...,... ,... , ...,... ,... , ...,... ,... , ...,... ,... , ...,... ,... , ...,... ,... , ...,... ,... , ...,... ,... , ...,... ,... , ...,... ,... , ...,... ,... , ...,... ,... , ...,... ,... , ...,... ,... , ...,... ,... , ...,... ,... , ...,... ,... , ...,... ,... , ...,... ,... , ...,... ,... , ...,... ,... , ...,... ,... , ...,... ,... , ...,... ,... , ...
Republic of Korea,... ,... , ...,... ,... , ...,... ,... , ...,... ,... , ...,... ,... , ...,... ,... , ...,... ,... , ...,... ,... , ...,... ,... , ...,... ,... , ...,... ,... , ...,... ,... , ...,... ,... , ...,... ,... , ...,... ,... , ...,... ,... , ...,... ,... , ...,... ,... , ...,... ,... , ...,... ,... , ...,... ,... , ...,... ,... , ...,... ,... , ...,... ,... , ...,... ,... , ...,... ,... , ...,... ,... , ...,... ,... , ...,... ,... , ...
Republic of Moldova,0.07 ,0.05 , 0.11,0.08 ,0.05 , 0.13,0.09 ,0.06 , 0.14,0.12 ,0.08 , 0.19,0.22 ,0.15 , 0.35,0.32 ,0.21 , 0.50,0.57 ,0.37 , 0.89,0.73 ,0.48 , 1.14,0.75 ,0.49 , 1.17,0.66 ,0.43 , 1.04,0.54 ,0.35 , 0.85,0.43 ,0.28 , 0.68,0.41 ,0.26 , 0.63,0.42 ,0.27 , 0.66,0.49 ,0.32 , 0.76,0.55 ,0.36 , 0.86,0.62 ,0.40 , 0.97,0.68 ,0.44 , 1.06,0.68 ,0.44 , 1.07,0.66 ,0.43 , 1.03,0.62 ,0.41 , 0.97,0.59 ,0.38 , 0.91,0.54 ,0.35 , 0.85,0.51 ,0.33 , 0.80,0.48 ,0.31 , 0.75,0.46 ,0.30 , 0.71,0.44 ,0.29 , 0.69,0.44 ,0.28 , 0.68,0.44 ,0.29 , 0.68
Romania,<0.01 ,0.02 , 0.02,<0.01 ,0.02 , 0.02,<0.01 ,0.02 , 0.02,<0.01 ,0.03 , 0.03,<0.01 ,0.03 , 0.03,<0.01 ,0.04 , 0.04,<0.01 ,0.04 , 0.04,<0.01 ,0.04 , 0.05,<0.01 ,0.05 , 0.05,0.10 ,0.05 , 0.06,0.10 ,0.06 , 0.06,0.10 ,0.06 , 0.06,0.10 ,0.06 , 0.06,0.10 ,0.07 , 0.07,0.10 ,0.07 , 0.07,0.10 ,0.07 , 0.07,0.10 ,0.07 , 0.07,0.10 ,0.07 , 0.07,0.10 ,0.07 , 0.07,0.10 ,0.07 , 0.08,0.10 ,0.07 , 0.08,0.10 ,0.07 , 0.08,0.10 ,0.07 , 0.08,0.10 ,0.07 , 0.08,0.10 ,0.07 , 0.08,0.10 ,0.07 , 0.08,0.10 ,0.07 , 0.08,0.10 ,0.07 , 0.08,0.10 ,0.07 , 0.08
Russian Federation,... ,... , ...,... ,... , ...,... ,... , ...,... ,... , ...,... ,... , ...,... ,... , ...,... ,... , ...,... ,... , ...,... ,... , ...,... ,... , ...,... ,... , ...,... ,... , ...,... ,... , ...,... ,... , ...,... ,... , ...,... ,... , ...,... ,... , ...,... ,... , ...,... ,... , ...,... ,... , ...,... ,... , ...,... ,... , ...,... ,... , ...,... ,... , ...,... ,... , ...,... ,... , ...,... ,... , ...,... ,... , ...,... ,... , ...
Rwanda,9.50 ,6.75 , 12.60,9.30 ,6.89 , 11.90,8.60 ,6.54 , 10.40,7.90 ,6.30 , 9.60,7.10 ,5.90 , 8.47,6.30 ,5.37 , 7.49,6.30 ,5.59 , 7.39,6.00 ,5.38 , 7.16,5.50 ,4.97 , 6.54,4.90 ,4.42 , 5.74,4.50 ,4.04 , 5.10,3.40 ,3.10 , 3.84,2.90 ,2.65 , 3.23,2.70 ,2.46 , 2.97,2.30 ,2.13 , 2.57,2.10 ,1.85 , 2.26,1.70 ,1.53 , 1.88,1.70 ,1.54 , 1.92,1.70 ,1.51 , 1.90,1.60 ,1.35 , 1.74,1.30 ,1.08 , 1.51,1.20 ,0.99 , 1.43,1.10 ,0.87 , 1.30,1.00 ,0.73 , 1.17,0.90 ,0.66 , 1.07,0.80 ,0.59 , 0.97,0.70 ,0.49 , 0.86,0.60 ,0.40 , 0.75,0.50 ,0.35 , 0.68
Saint Kitts and Nevis,0.22 ,0.14 , 0.30,0.23 ,0.15 , 0.30,0.24 ,0.17 , 0.30,0.25 ,0.18 , 0.30,0.26 ,0.19 , 0.30,0.26 ,0.20 , 0.31,0.27 ,0.22 , 0.31,0.28 ,0.23 , 0.32,0.29 ,0.24 , 0.32,0.29 ,0.25 , 0.33,0.30 ,0.26 , 0.33,0.30 ,0.27 , 0.34,0.31 ,0.28 , 0.34,0.32 ,0.29 , 0.35,0.32 ,0.29 , 0.36,0.33 ,0.30 , 0.36,0.33 ,0.30 , 0.37,0.34 ,0.31 , 0.38,0.34 ,0.31 , 0.39,0.35 ,0.31 , 0.39,0.35 ,0.31 , 0.40,0.36 ,0.31 , 0.41,0.36 ,0.31 , 0.42,0.36 ,0.31 , 0.43,0.37 ,0.30 , 0.44,0.37 ,0.30 , 0.45,0.37 ,0.30 , 0.46,0.38 ,0.30 , 0.47,0.38 ,0.30 , 0.48
Saint Lucia,0.21 ,0.19 , 0.23,0.22 ,0.20 , 0.25,0.24 ,0.22 , 0.26,0.25 ,0.23 , 0.28,0.27 ,0.24 , 0.29,0.28 ,0.26 , 0.30,0.29 ,0.27 , 0.32,0.31 ,0.28 , 0.33,0.32 ,0.30 , 0.34,0.33 ,0.31 , 0.35,0.35 ,0.33 , 0.36,0.36 ,0.34 , 0.37,0.37 ,0.35 , 0.39,0.38 ,0.36 , 0.40,0.39 ,0.37 , 0.41,0.41 ,0.39 , 0.43,0.42 ,0.40 , 0.44,0.43 ,0.41 , 0.45,0.45 ,0.42 , 0.47,0.46 ,0.44 , 0.48,0.47 ,0.45 , 0.50,0.48 ,0.46 , 0.51,0.49 ,0.46 , 0.52,0.47 ,0.44 , 0.50,0.48 ,0.44 , 0.51,0.48 ,0.44 , 0.51,0.46 ,0.43 , 0.49,0.45 ,0.42 , 0.48,0.47 ,0.43 , 0.51
Saint Vincent and the Grenadines,0.64 ,0.59 , 0.69,0.65 ,0.61 , 0.70,0.66 ,0.62 , 0.71,0.68 ,0.64 , 0.73,0.70 ,0.66 , 0.75,0.72 ,0.68 , 0.77,0.75 ,0.70 , 0.79,0.77 ,0.73 , 0.81,0.80 ,0.75 , 0.84,0.83 ,0.78 , 0.87,0.86 ,0.81 , 0.90,0.89 ,0.84 , 0.94,0.93 ,0.87 , 0.97,0.96 ,0.90 , 1.01,1.00 ,0.93 , 1.05,1.04 ,0.96 , 1.09,1.07 ,0.99 , 1.14,1.11 ,1.02 , 1.18,1.15 ,1.06 , 1.23,1.20 ,1.09 , 1.28,1.21 ,1.10 , 1.31,1.06 ,0.94 , 1.17,1.07 ,0.94 , 1.19,1.12 ,0.98 , 1.25,1.16 ,1.01 , 1.31,1.24 ,1.07 , 1.41,1.31 ,1.12 , 1.48,1.38 ,1.17 , 1.57,1.45 ,1.22 , 1.66
Sao Tome and Principe,2.75 ,1.38 , 5.34,3.92 ,2.01 , 6.49,5.26 ,2.82 , 7.65,6.77 ,3.78 , 9.12,7.63 ,4.71 , 10.67,7.60 ,5.08 , 11.44,6.71 ,4.69 , 10.45,5.09 ,3.77 , 7.30,3.75 ,2.90 , 5.15,2.82 ,2.20 , 3.87,2.01 ,1.49 , 2.78,1.48 ,1.06 , 2.08,1.07 ,0.72 , 1.56,0.76 ,0.48 , 1.15,0.54 ,0.32 , 0.88,0.38 ,0.21 , 0.67,0.26 ,0.13 , 0.50,0.19 ,0.09 , 0.38,0.15 ,0.07 , 0.31,0.13 ,0.06 , 0.28,0.11 ,0.05 , 0.25,0.10 ,0.04 , 0.22,0.10 ,0.04 , 0.22,0.10 ,0.04 , 0.22,0.11 ,0.04 , 0.26,0.11 ,0.04 , 0.29,0.11 ,0.04 , 0.31,0.12 ,0.04 , 0.33,0.12 ,0.04 , 0.32
Saudi Arabia,... ,... , ...,... ,... , ...,... ,... , ...,... ,... , ...,... ,... , ...,... ,... , ...,... ,... , ...,... ,... , ...,... ,... , ...,... ,... , ...,... ,... , ...,... ,... , ...,... ,... , ...,... ,... , ...,... ,... , ...,... ,... , ...,... ,... , ...,... ,... , ...,... ,... , ...,... ,... , ...,... ,... , ...,... ,... , ...,... ,... , ...,... ,... , ...,... ,... , ...,... ,... , ...,... ,... , ...,... ,... , ...,... ,... , ...
Senegal,0.40 ,0.31 , 0.53,0.50 ,0.37 , 0.61,0.60 ,0.45 , 0.73,0.60 ,0.53 , 0.82,0.70 ,0.60 , 0.91,0.80 ,0.66 , 0.98,0.90 ,0.71 , 1.05,0.90 ,0.78 , 1.11,0.90 ,0.80 , 1.11,0.90 ,0.81 , 1.13,0.90 ,0.78 , 1.09,0.90 ,0.74 , 1.03,0.80 ,0.67 , 0.95,0.70 ,0.60 , 0.85,0.60 ,0.51 , 0.74,0.50 ,0.44 , 0.65,0.40 ,0.36 , 0.54,0.40 ,0.32 , 0.45,0.30 ,0.23 , 0.35,0.20 ,0.18 , 0.31,0.20 ,0.15 , 0.28,0.20 ,0.12 , 0.24,0.10 ,0.11 , 0.21,0.10 ,0.09 , 0.19,0.10 ,0.08 , 0.18,0.10 ,0.08 , 0.17,0.10 ,0.07 , 0.17,0.10 ,0.07 , 0.16,0.10 ,0.07 , 0.16
Serbia,0.04 ,0.03 , 0.04,0.03 ,0.03 , 0.04,0.03 ,0.02 , 0.03,0.02 ,0.01 , 0.03,0.02 ,<0.01 , 0.02,0.01 ,<0.01 , 0.02,<0.01 ,<0.01 , 0.01,<0.01 ,<0.01 , 0.01,<0.01 ,<0.01 , 0.01,<0.01 ,<0.01 , 0.01,<0.01 ,<0.01 , 0.02,0.01 ,<0.01 , 0.02,0.01 ,<0.01 , 0.02,0.02 ,0.01 , 0.02,0.02 ,0.01 , 0.03,0.02 ,0.02 , 0.03,0.03 ,0.02 , 0.03,0.03 ,0.02 , 0.04,0.03 ,0.02 , 0.04,0.03 ,0.02 , 0.04,0.04 ,0.03 , 0.05,0.04 ,0.03 , 0.05,0.04 ,0.03 , 0.05,0.04 ,0.03 , 0.05,0.04 ,0.03 , 0.06,0.04 ,0.03 , 0.06,0.04 ,0.02 , 0.07,0.04 ,0.02 , 0.07,0.04 ,0.02 , 0.08
Sierra Leone,1.50 ,0.85 , 2.44,1.70 ,1.01 , 2.60,1.80 ,1.18 , 2.69,1.90 ,1.27 , 2.62,2.00 ,1.41 , 2.66,2.00 ,1.43 , 2.52,2.00 ,1.47 , 2.49,1.90 ,1.45 , 2.44,1.80 ,1.45 , 2.34,1.70 ,1.42 , 2.19,1.60 ,1.37 , 2.02,1.60 ,1.38 , 1.99,1.60 ,1.37 , 1.91,1.50 ,1.28 , 1.79,1.50 ,1.23 , 1.74,1.40 ,1.21 , 1.73,1.40 ,1.14 , 1.66,1.40 ,1.12 , 1.67,1.30 ,1.06 , 1.62,1.30 ,1.04 , 1.60,1.30 ,1.01 , 1.59,1.20 ,0.92 , 1.53,1.20 ,0.87 , 1.48,1.10 ,0.83 , 1.48,1.10 ,0.81 , 1.45,1.10 ,0.77 , 1.44,1.00 ,0.72 , 1.38,1.00 ,0.65 , 1.32,0.90 ,0.57 , 1.25
Singapore,0.07 ,0.06 , 0.08,0.09 ,0.08 , 0.11,0.12 ,0.11 , 0.14,0.15 ,0.13 , 0.17,0.17 ,0.15 , 0.19,0.19 ,0.16 , 0.21,0.19 ,0.17 , 0.22,0.19 ,0.16 , 0.21,0.17 ,0.15 , 0.20,0.16 ,0.14 , 0.18,0.14 ,0.13 , 0.17,0.14 ,0.12 , 0.16,0.15 ,0.13 , 0.18,0.17 ,0.15 , 0.21,0.21 ,0.18 , 0.25,0.24 ,0.20 , 0.29,0.27 ,0.23 , 0.33,0.28 ,0.24 , 0.35,0.27 ,0.23 , 0.34,0.25 ,0.21 , 0.31,0.21 ,0.18 , 0.27,0.17 ,0.14 , 0.22,0.13 ,0.11 , 0.17,0.10 ,0.08 , 0.13,0.08 ,0.06 , 0.10,0.06 ,0.05 , 0.09,0.06 ,0.05 , 0.08,0.06 ,0.05 , 0.08,0.07 ,0.06 , 0.09
Slovakia,<0.01 ,<0.01 , <0.01,<0.01 ,<0.01 , <0.01,<0.01 ,<0.01 , <0.01,<0.01 ,<0.01 , <0.01,<0.01 ,<0.01 , <0.01,<0.01 ,<0.01 , <0.01,<0.01 ,<0.01 , <0.01,<0.01 ,<0.01 , <0.01,<0.01 ,<0.01 , <0.01,<0.01 ,<0.01 , <0.01,<0.01 ,<0.01 , 0.01,<0.01 ,<0.01 , 0.01,<0.01 ,<0.01 , 0.01,<0.01 ,<0.01 , 0.01,<0.01 ,<0.01 , 0.02,0.01 ,<0.01 , 0.02,0.01 ,0.01 , 0.02,0.01 ,0.01 , 0.02,0.01 ,0.01 , 0.03,0.02 ,0.02 , 0.03,0.02 ,0.02 , 0.03,0.02 ,0.02 , 0.04,0.03 ,0.02 , 0.05,0.03 ,0.02 , 0.05,0.03 ,0.03 , 0.06,0.03 ,0.03 , 0.06,0.04 ,0.03 , 0.07,0.04 ,0.03 , 0.07,0.04 ,0.03 , 0.07
Slovenia,... ,... , ...,... ,... , ...,... ,... , ...,... ,... , ...,... ,... , ...,... ,... , ...,... ,... , ...,... ,... , ...,... ,... , ...,... ,... , ...,... ,... , ...,... ,... , ...,... ,... , ...,... ,... , ...,... ,... , ...,... ,... , ...,... ,... , ...,... ,... , ...,... ,... , ...,... ,... , ...,... ,... , ...,... ,... , ...,... ,... , ...,... ,... , ...,... ,... , ...,... ,... , ...,... ,... , ...,... ,... , ...,... ,... , ...
Somalia,0.18 ,0.11 , 0.28,0.23 ,0.15 , 0.34,0.29 ,0.19 , 0.40,0.34 ,0.24 , 0.46,0.40 ,0.30 , 0.53,0.46 ,0.35 , 0.59,0.51 ,0.39 , 0.63,0.54 ,0.43 , 0.67,0.57 ,0.47 , 0.70,0.56 ,0.46 , 0.68,0.55 ,0.45 , 0.67,0.51 ,0.42 , 0.61,0.46 ,0.38 , 0.55,0.40 ,0.33 , 0.47,0.34 ,0.28 , 0.40,0.28 ,0.24 , 0.34,0.22 ,0.18 , 0.28,0.17 ,0.14 , 0.23,0.13 ,0.10 , 0.18,0.09 ,0.06 , 0.13,0.07 ,0.05 , 0.11,0.05 ,0.03 , 0.09,0.04 ,0.02 , 0.08,0.04 ,0.02 , 0.07,0.03 ,0.02 , 0.07,0.03 ,0.02 , 0.07,0.03 ,0.02 , 0.07,0.04 ,0.02 , 0.07,0.04 ,0.02 , 0.07
South Africa,2.00 ,1.45 , 2.50,3.40 ,2.38 , 4.34,5.60 ,3.89 , 7.23,8.80 ,6.10 , 11.10,12.70 ,9.09 , 15.60,16.80 ,12.60 , 19.80,20.30 ,16.00 , 22.90,22.50 ,18.80 , 24.90,23.50 ,20.50 , 25.20,23.50 ,21.20 , 24.70,22.90 ,21.00 , 23.80,21.90 ,20.50 , 22.70,20.90 ,19.70 , 21.60,20.10 ,19.10 , 20.70,19.60 ,18.60 , 20.10,19.10 ,18.30 , 19.60,18.40 ,17.70 , 18.90,17.60 ,16.90 , 18.20,16.80 ,16.10 , 17.40,16.10 ,15.40 , 16.70,15.40 ,14.70 , 16.00,14.40 ,13.70 , 15.00,13.30 ,12.60 , 13.90,12.40 ,11.70 , 13.00,11.70 ,11.00 , 12.30,11.20 ,10.50 , 11.90,10.60 ,9.89 , 11.30,9.70 ,9.01 , 10.40,8.70 ,8.01 , 9.32
South Sudan,1.90 ,0.65 , 3.22,2.30 ,0.87 , 3.56,2.60 ,1.11 , 4.00,2.80 ,1.29 , 4.05,3.10 ,1.55 , 4.35,3.30 ,1.79 , 4.71,3.30 ,2.03 , 4.80,3.50 ,2.32 , 4.94,3.50 ,2.43 , 4.87,3.30 ,2.39 , 4.54,3.20 ,2.43 , 4.29,3.10 ,2.33 , 4.02,2.90 ,2.18 , 3.63,2.80 ,2.16 , 3.50,2.60 ,2.02 , 3.28,2.60 ,2.04 , 3.31,2.60 ,1.96 , 3.21,2.40 ,1.86 , 3.03,2.50 ,1.86 , 3.05,2.40 ,1.84 , 2.99,2.40 ,1.81 , 3.02,2.50 ,1.77 , 3.04,2.50 ,1.74 , 3.12,2.50 ,1.72 , 3.10,2.50 ,1.68 , 3.20,2.50 ,1.65 , 3.29,2.50 ,1.64 , 3.36,2.60 ,1.69 , 3.51,2.60 ,1.71 , 3.66
Spain,0.38 ,0.35 , 0.39,0.32 ,0.30 , 0.33,0.29 ,0.27 , 0.30,0.27 ,0.25 , 0.28,0.26 ,0.24 , 0.26,0.25 ,0.24 , 0.25,0.24 ,0.23 , 0.25,0.23 ,0.22 , 0.24,0.22 ,0.21 , 0.23,0.22 ,0.21 , 0.22,0.21 ,0.21 , 0.22,0.21 ,0.20 , 0.22,0.21 ,0.20 , 0.22,0.21 ,0.20 , 0.21,0.20 ,0.19 , 0.21,0.20 ,0.19 , 0.21,0.20 ,0.19 , 0.21,0.19 ,0.18 , 0.20,0.19 ,0.18 , 0.20,0.19 ,0.17 , 0.20,0.18 ,0.17 , 0.19,0.17 ,0.16 , 0.18,0.17 ,0.15 , 0.18,0.16 ,0.15 , 0.17,0.16 ,0.14 , 0.17,0.15 ,0.14 , 0.17,0.15 ,0.13 , 0.16,0.13 ,0.12 , 0.15,0.13 ,0.12 , 0.13
Sri Lanka,<0.01 ,<0.01 , <0.01,<0.01 ,<0.01 , <0.01,<0.01 ,<0.01 , <0.01,<0.01 ,<0.01 , 0.01,0.01 ,0.01 , 0.02,0.02 ,0.02 , 0.02,0.02 ,0.02 , 0.03,0.03 ,0.03 , 0.03,0.03 ,0.03 , 0.04,0.04 ,0.03 , 0.04,0.04 ,0.03 , 0.04,0.04 ,0.03 , 0.04,0.04 ,0.03 , 0.04,0.04 ,0.03 , 0.04,0.04 ,0.03 , 0.04,0.03 ,0.03 , 0.04,0.03 ,0.03 , 0.04,0.03 ,0.02 , 0.03,0.03 ,0.02 , 0.03,0.02 ,0.02 , 0.03,0.02 ,0.02 , 0.03,0.02 ,0.02 , 0.02,0.02 ,0.02 , 0.02,0.02 ,0.01 , 0.02,0.02 ,0.01 , 0.02,0.02 ,0.01 , 0.02,0.01 ,0.01 , 0.02,0.01 ,0.01 , 0.02,0.01 ,<0.01 , 0.01
Sudan,0.10 ,0.02 , 0.31,0.10 ,0.02 , 0.29,0.10 ,0.02 , 0.29,0.10 ,0.03 , 0.34,0.10 ,0.04 , 0.33,0.10 ,0.05 , 0.33,0.10 ,0.06 , 0.31,0.20 ,0.08 , 0.33,0.20 ,0.09 , 0.30,0.20 ,0.10 , 0.29,0.20 ,0.13 , 0.31,0.20 ,0.15 , 0.33,0.20 ,0.18 , 0.34,0.30 ,0.19 , 0.33,0.30 ,0.22 , 0.34,0.30 ,0.23 , 0.36,0.30 ,0.21 , 0.37,0.30 ,0.19 , 0.37,0.30 ,0.16 , 0.36,0.30 ,0.15 , 0.38,0.30 ,0.14 , 0.44,0.30 ,0.12 , 0.46,0.30 ,0.11 , 0.46,0.30 ,0.09 , 0.47,0.20 ,0.08 , 0.49,0.20 ,0.07 , 0.50,0.20 ,0.06 , 0.49,0.20 ,0.05 , 0.50,0.20 ,0.04 , 0.51
Suriname,0.50 ,0.23 , 1.22,0.70 ,0.33 , 1.43,0.80 ,0.47 , 1.53,1.10 ,0.63 , 1.74,1.20 ,0.81 , 1.95,1.40 ,1.00 , 2.24,1.50 ,1.10 , 2.32,1.60 ,1.20 , 2.42,1.70 ,1.25 , 2.50,1.80 ,1.27 , 2.53,1.70 ,1.20 , 2.43,1.60 ,1.05 , 2.22,1.40 ,0.95 , 2.05,1.30 ,0.85 , 1.93,1.10 ,0.72 , 1.71,1.10 ,0.65 , 1.58,1.00 ,0.61 , 1.56,1.00 ,0.60 , 1.56,1.00 ,0.60 , 1.56,1.00 ,0.59 , 1.52,1.00 ,0.60 , 1.52,1.00 ,0.60 , 1.49,1.00 ,0.60 , 1.53,1.00 ,0.60 , 1.55,1.00 ,0.59 , 1.59,1.00 ,0.57 , 1.59,1.00 ,0.53 , 1.58,0.90 ,0.46 , 1.50,0.80 ,0.42 , 1.44
Sweden,... ,... , ...,... ,... , ...,... ,... , ...,... ,... , ...,... ,... , ...,... ,... , ...,... ,... , ...,... ,... , ...,... ,... , ...,... ,... , ...,... ,... , ...,... ,... , ...,... ,... , ...,... ,... , ...,... ,... , ...,... ,... , ...,... ,... , ...,... ,... , ...,... ,... , ...,... ,... , ...,... ,... , ...,... ,... , ...,... ,... , ...,... ,... , ...,... ,... , ...,... ,... , ...,... ,... , ...,... ,... , ...,... ,... , ...
Switzerland,... ,... , ...,... ,... , ...,... ,... , ...,... ,... , ...,... ,... , ...,... ,... , ...,... ,... , ...,... ,... , ...,... ,... , ...,... ,... , ...,... ,... , ...,... ,... , ...,... ,... , ...,... ,... , ...,... ,... , ...,... ,... , ...,... ,... , ...,... ,... , ...,... ,... , ...,... ,... , ...,... ,... , ...,... ,... , ...,... ,... , ...,... ,... , ...,... ,... , ...,... ,... , ...,... ,... , ...,... ,... , ...,... ,... , ...
Syrian Arab Republic,<0.01 ,<0.01 , <0.01,<0.01 ,<0.01 , <0.01,<0.01 ,<0.01 , <0.01,<0.01 ,<0.01 , <0.01,<0.01 ,<0.01 , <0.01,<0.01 ,<0.01 , <0.01,<0.01 ,<0.01 , <0.01,<0.01 ,<0.01 , <0.01,<0.01 ,<0.01 , <0.01,<0.01 ,<0.01 , <0.01,<0.01 ,<0.01 , <0.01,<0.01 ,<0.01 , <0.01,<0.01 ,<0.01 , <0.01,<0.01 ,<0.01 , <0.01,<0.01 ,<0.01 , <0.01,<0.01 ,<0.01 , <0.01,<0.01 ,<0.01 , <0.01,<0.01 ,<0.01 , <0.01,<0.01 ,<0.01 , <0.01,<0.01 ,<0.01 , <0.01,<0.01 ,<0.01 , <0.01,<0.01 ,<0.01 , <0.01,<0.01 ,<0.01 , <0.01,<0.01 ,<0.01 , <0.01,<0.01 ,<0.01 , <0.01,<0.01 ,<0.01 , <0.01,<0.01 ,<0.01 , <0.01,<0.01 ,<0.01 , <0.01,<0.01 ,<0.01 , <0.01
Tajikistan,<0.01 ,<0.01 , <0.01,<0.01 ,<0.01 , <0.01,<0.01 ,<0.01 , <0.01,<0.01 ,<0.01 , 0.02,<0.01 ,<0.01 , 0.02,<0.01 ,<0.01 , 0.09,<0.01 ,0.01 , 0.07,0.10 ,0.02 , 0.14,0.10 ,0.04 , 0.23,0.10 ,0.07 , 0.22,0.20 ,0.10 , 0.26,0.20 ,0.13 , 0.29,0.20 ,0.16 , 0.32,0.30 ,0.18 , 0.34,0.30 ,0.20 , 0.35,0.30 ,0.22 , 0.36,0.30 ,0.22 , 0.36,0.30 ,0.23 , 0.36,0.30 ,0.23 , 0.34,0.30 ,0.21 , 0.33,0.30 ,0.20 , 0.32,0.20 ,0.20 , 0.32,0.20 ,0.19 , 0.31,0.20 ,0.18 , 0.29,0.20 ,0.17 , 0.27,0.20 ,0.15 , 0.26,0.20 ,0.14 , 0.25,0.20 ,0.12 , 0.24,0.20 ,0.11 , 0.22
Thailand,4.50 ,3.78 , 5.40,5.00 ,4.21 , 5.99,4.80 ,4.05 , 5.66,3.70 ,3.18 , 4.32,3.00 ,2.56 , 3.46,2.30 ,2.03 , 2.68,1.90 ,1.64 , 2.14,1.50 ,1.34 , 1.74,1.30 ,1.14 , 1.49,1.20 ,1.01 , 1.32,1.00 ,0.90 , 1.17,0.90 ,0.81 , 1.06,0.80 ,0.73 , 0.95,0.80 ,0.66 , 0.86,0.70 ,0.60 , 0.78,0.60 ,0.55 , 0.72,0.60 ,0.50 , 0.65,0.50 ,0.45 , 0.60,0.50 ,0.42 , 0.55,0.40 ,0.39 , 0.51,0.40 ,0.36 , 0.49,0.40 ,0.34 , 0.46,0.40 ,0.31 , 0.43,0.30 ,0.28 , 0.39,0.30 ,0.26 , 0.36,0.30 ,0.23 , 0.32,0.20 ,0.20 , 0.28,0.20 ,0.17 , 0.25,0.20 ,0.15 , 0.22
Timor-Leste,... ,... , ...,... ,... , ...,... ,... , ...,... ,... , ...,... ,... , ...,... ,... , ...,... ,... , ...,... ,... , ...,... ,... , ...,... ,... , ...,... ,... , ...,... ,... , ...,... ,... , ...,... ,... , ...,... ,... , ...,... ,... , ...,... ,... , ...,... ,... , ...,... ,... , ...,... ,... , ...,... ,... , ...,... ,... , ...,... ,... , ...,... ,... , ...,... ,... , ...,... ,... , ...,... ,... , ...,... ,... , ...,... ,... , ...
Togo,3.51 ,3.36 , 3.58,4.24 ,4.06 , 4.32,4.81 ,4.60 , 4.90,5.42 ,5.19 , 5.52,5.73 ,5.49 , 5.84,5.96 ,5.71 , 6.07,5.63 ,5.39 , 5.74,5.40 ,5.17 , 5.50,4.85 ,4.64 , 4.94,4.33 ,4.14 , 4.41,3.64 ,3.48 , 3.70,3.39 ,3.24 , 3.45,3.04 ,2.91 , 3.10,2.81 ,2.69 , 2.86,2.61 ,2.50 , 2.66,2.44 ,2.33 , 2.48,2.20 ,2.11 , 2.24,2.11 ,2.02 , 2.15,2.06 ,1.98 , 2.10,1.85 ,1.77 , 1.88,1.79 ,1.72 , 1.83,1.68 ,1.60 , 1.71,1.59 ,1.52 , 1.62,1.51 ,1.45 , 1.54,1.45 ,1.39 , 1.48,1.36 ,1.30 , 1.38,1.28 ,1.23 , 1.31,1.16 ,1.11 , 1.18,1.06 ,1.01 , 1.08
Trinidad and Tobago,... ,... , ...,... ,... , ...,... ,... , ...,... ,... , ...,... ,... , ...,... ,... , ...,... ,... , ...,... ,... , ...,... ,... , ...,... ,... , ...,... ,... , ...,... ,... , ...,... ,... , ...,... ,... , ...,... ,... , ...,... ,... , ...,... ,... , ...,... ,... , ...,... ,... , ...,... ,... , ...,... ,... , ...,... ,... , ...,... ,... , ...,... ,... , ...,... ,... , ...,... ,... , ...,... ,... , ...,... ,... , ...,... ,... , ...
Tunisia,<0.01 ,<0.01 , <0.01,<0.01 ,<0.01 , <0.01,<0.01 ,<0.01 , <0.01,<0.01 ,<0.01 , 0.01,<0.01 ,<0.01 , 0.01,<0.01 ,<0.01 , 0.02,<0.01 ,<0.01 , 0.02,<0.01 ,<0.01 , 0.02,<0.01 ,<0.01 , 0.02,<0.01 ,<0.01 , 0.02,0.01 ,<0.01 , 0.02,0.01 ,<0.01 , 0.02,0.01 ,<0.01 , 0.03,0.01 ,<0.01 , 0.03,0.02 ,0.01 , 0.03,0.02 ,0.01 , 0.03,0.02 ,0.01 , 0.04,0.03 ,0.02 , 0.04,0.03 ,0.02 , 0.05,0.03 ,0.02 , 0.05,0.03 ,0.02 , 0.05,0.03 ,0.02 , 0.06,0.04 ,0.02 , 0.06,0.04 ,0.02 , 0.06,0.03 ,0.02 , 0.06,0.04 ,0.02 , 0.06,0.04 ,0.02 , 0.07,0.04 ,0.02 , 0.07,0.04 ,0.02 , 0.08
Turkey,... ,... , ...,... ,... , ...,... ,... , ...,... ,... , ...,... ,... , ...,... ,... , ...,... ,... , ...,... ,... , ...,... ,... , ...,... ,... , ...,... ,... , ...,... ,... , ...,... ,... , ...,... ,... , ...,... ,... , ...,... ,... , ...,... ,... , ...,... ,... , ...,... ,... , ...,... ,... , ...,... ,... , ...,... ,... , ...,... ,... , ...,... ,... , ...,... ,... , ...,... ,... , ...,... ,... , ...,... ,... , ...,... ,... , ...
Turkmenistan,... ,... , ...,... ,... , ...,... ,... , ...,... ,... , ...,... ,... , ...,... ,... , ...,... ,... , ...,... ,... , ...,... ,... , ...,... ,... , ...,... ,... , ...,... ,... , ...,... ,... , ...,... ,... , ...,... ,... , ...,... ,... , ...,... ,... , ...,... ,... , ...,... ,... , ...,... ,... , ...,... ,... , ...,... ,... , ...,... ,... , ...,... ,... , ...,... ,... , ...,... ,... , ...,... ,... , ...,... ,... , ...,... ,... , ...
Uganda,12.20 ,10.20 , 15.10,11.00 ,9.33 , 13.40,10.10 ,8.46 , 12.30,9.50 ,7.91 , 11.60,8.90 ,7.51 , 10.90,8.70 ,7.33 , 10.50,8.50 ,7.20 , 10.20,8.30 ,7.15 , 9.96,8.10 ,7.01 , 9.55,7.80 ,6.82 , 9.16,7.60 ,6.60 , 8.81,7.40 ,6.39 , 8.53,7.10 ,6.19 , 8.28,6.90 ,6.04 , 7.97,6.70 ,5.86 , 7.77,6.40 ,5.67 , 7.35,6.30 ,5.60 , 7.24,6.30 ,5.45 , 7.16,6.20 ,5.31 , 7.07,5.80 ,5.02 , 6.67,5.50 ,4.80 , 6.38,5.20 ,4.49 , 6.03,4.80 ,4.13 , 5.66,4.30 ,3.67 , 5.14,3.90 ,3.33 , 4.68,3.50 ,2.98 , 4.28,3.30 ,2.73 , 4.05,2.90 ,2.44 , 3.72,2.60 ,2.12 , 3.34
Ukraine,<0.01 ,0.03 , 0.05,0.10 ,0.06 , 0.14,0.20 ,0.13 , 0.30,0.40 ,0.27 , 0.52,0.60 ,0.52 , 0.81,0.90 ,0.75 , 1.04,1.00 ,0.90 , 1.16,1.00 ,0.90 , 1.15,1.00 ,0.92 , 1.19,1.10 ,0.96 , 1.22,1.10 ,0.99 , 1.27,1.10 ,0.95 , 1.23,1.00 ,0.90 , 1.18,1.00 ,0.82 , 1.09,0.90 ,0.75 , 1.02,0.80 ,0.69 , 0.94,0.70 ,0.61 , 0.85,0.70 ,0.56 , 0.78,0.60 ,0.52 , 0.72,0.60 ,0.51 , 0.69,0.60 ,0.48 , 0.65,0.60 ,0.47 , 0.64,0.50 ,0.47 , 0.64,0.50 ,0.46 , 0.64,0.50 ,0.46 , 0.64,0.50 ,0.46 , 0.65,0.60 ,0.47 , 0.65,0.50 ,0.46 , 0.64,0.60 ,0.46 , 0.67
United Arab Emirates,... ,... , ...,... ,... , ...,... ,... , ...,... ,... , ...,... ,... , ...,... ,... , ...,... ,... , ...,... ,... , ...,... ,... , ...,... ,... , ...,... ,... , ...,... ,... , ...,... ,... , ...,... ,... , ...,... ,... , ...,... ,... , ...,... ,... , ...,... ,... , ...,... ,... , ...,... ,... , ...,... ,... , ...,... ,... , ...,... ,... , ...,... ,... , ...,... ,... , ...,... ,... , ...,... ,... , ...,... ,... , ...,... ,... , ...
United Kingdom,... ,... , ...,... ,... , ...,... ,... , ...,... ,... , ...,... ,... , ...,... ,... , ...,... ,... , ...,... ,... , ...,... ,... , ...,... ,... , ...,... ,... , ...,... ,... , ...,... ,... , ...,... ,... , ...,... ,... , ...,... ,... , ...,... ,... , ...,... ,... , ...,... ,... , ...,... ,... , ...,... ,... , ...,... ,... , ...,... ,... , ...,... ,... , ...,... ,... , ...,... ,... , ...,... ,... , ...,... ,... , ...,... ,... , ...
United Republic of Tanzania,9.20 ,8.10 , 10.40,9.80 ,8.69 , 10.90,10.00 ,9.00 , 11.00,9.90 ,8.96 , 10.70,9.30 ,8.53 , 10.10,8.60 ,7.94 , 9.33,8.00 ,7.46 , 8.63,7.40 ,6.94 , 7.95,6.80 ,6.42 , 7.26,6.30 ,5.94 , 6.68,5.80 ,5.44 , 6.11,5.40 ,5.10 , 5.70,5.10 ,4.80 , 5.37,4.80 ,4.53 , 5.07,4.60 ,4.37 , 4.89,4.40 ,4.13 , 4.65,4.20 ,3.99 , 4.49,4.00 ,3.81 , 4.30,3.90 ,3.63 , 4.13,3.80 ,3.55 , 4.06,3.70 ,3.44 , 3.96,3.60 ,3.36 , 3.90,3.60 ,3.29 , 3.86,3.30 ,3.03 , 3.62,3.20 ,2.85 , 3.47,3.00 ,2.66 , 3.30,2.80 ,2.51 , 3.16,2.70 ,2.34 , 3.02,2.50 ,2.14 , 2.84
United States,... ,... , ...,... ,... , ...,... ,... , ...,... ,... , ...,... ,... , ...,... ,... , ...,... ,... , ...,... ,... , ...,... ,... , ...,... ,... , ...,... ,... , ...,... ,... , ...,... ,... , ...,... ,... , ...,... ,... , ...,... ,... , ...,... ,... , ...,... ,... , ...,... ,... , ...,... ,... , ...,... ,... , ...,... ,... , ...,... ,... , ...,... ,... , ...,... ,... , ...,... ,... , ...,... ,... , ...,... ,... , ...,... ,... , ...
Uruguay,0.30 ,0.09 , 0.85,0.30 ,0.11 , 0.99,0.30 ,0.15 , 1.07,0.30 ,0.17 , 0.89,0.30 ,0.19 , 1.03,0.40 ,0.22 , 1.21,0.40 ,0.25 , 1.19,0.40 ,0.27 , 1.00,0.40 ,0.28 , 0.75,0.30 ,0.24 , 0.58,0.30 ,0.24 , 0.53,0.30 ,0.25 , 0.47,0.30 ,0.26 , 0.46,0.40 ,0.28 , 0.46,0.40 ,0.28 , 0.45,0.40 ,0.29 , 0.48,0.40 ,0.29 , 0.49,0.40 ,0.29 , 0.50,0.40 ,0.27 , 0.52,0.40 ,0.27 , 0.56,0.40 ,0.28 , 0.59,0.40 ,0.27 , 0.61,0.40 ,0.27 , 0.64,0.50 ,0.26 , 0.66,0.40 ,0.23 , 0.65,0.40 ,0.22 , 0.69,0.40 ,0.22 , 0.74,0.50 ,0.21 , 0.78,0.50 ,0.20 , 0.82
Uzbekistan,0.10 ,0.10 , 0.10,0.10 ,0.10 , 0.10,0.10 ,0.11 , 0.11,0.10 ,0.11 , 0.11,0.10 ,0.12 , 0.12,0.10 ,0.12 , 0.12,0.10 ,0.12 , 0.13,0.10 ,0.13 , 0.13,0.10 ,0.13 , 0.14,0.10 ,0.14 , 0.14,0.10 ,0.14 , 0.15,0.10 ,0.15 , 0.15,0.20 ,0.15 , 0.15,0.20 ,0.16 , 0.16,0.20 ,0.16 , 0.16,0.20 ,0.17 , 0.17,0.20 ,0.17 , 0.17,0.20 ,0.17 , 0.18,0.20 ,0.18 , 0.18,0.20 ,0.18 , 0.19,0.20 ,0.19 , 0.19,0.20 ,0.19 , 0.20,0.20 ,0.20 , 0.20,0.20 ,0.20 , 0.21,0.20 ,0.21 , 0.21,0.20 ,0.21 , 0.22,0.20 ,0.22 , 0.22,0.20 ,0.22 , 0.22,0.20 ,0.23 , 0.23
Venezuela (Bolivarian Republic of),... ,... , ...,... ,... , ...,... ,... , ...,... ,... , ...,... ,... , ...,... ,... , ...,... ,... , ...,... ,... , ...,... ,... , ...,... ,... , ...,... ,... , ...,... ,... , ...,... ,... , ...,... ,... , ...,... ,... , ...,... ,... , ...,... ,... , ...,... ,... , ...,... ,... , ...,... ,... , ...,... ,... , ...,... ,... , ...,... ,... , ...,... ,... , ...,... ,... , ...,... ,... , ...,... ,... , ...,... ,... , ...,... ,... , ...
Viet Nam,<0.01 ,0.02 , 0.03,0.10 ,0.05 , 0.06,0.10 ,0.10 , 0.13,0.20 ,0.17 , 0.23,0.30 ,0.26 , 0.35,0.40 ,0.34 , 0.45,0.50 ,0.39 , 0.50,0.50 ,0.41 , 0.53,0.50 ,0.43 , 0.55,0.50 ,0.44 , 0.56,0.50 ,0.45 , 0.57,0.50 ,0.45 , 0.57,0.50 ,0.45 , 0.57,0.50 ,0.45 , 0.57,0.50 ,0.43 , 0.54,0.50 ,0.40 , 0.51,0.40 ,0.37 , 0.47,0.40 ,0.34 , 0.43,0.30 ,0.30 , 0.39,0.30 ,0.27 , 0.35,0.30 ,0.25 , 0.32,0.30 ,0.22 , 0.29,0.20 ,0.20 , 0.26,0.20 ,0.17 , 0.23,0.20 ,0.16 , 0.21,0.20 ,0.14 , 0.19,0.10 ,0.12 , 0.16,0.10 ,0.10 , 0.13,0.10 ,0.08 , 0.11
Yemen,<0.01 ,<0.01 , 0.02,<0.01 ,<0.01 , 0.02,<0.01 ,<0.01 , 0.02,0.01 ,<0.01 , 0.02,0.01 ,<0.01 , 0.02,0.01 ,<0.01 , 0.03,0.02 ,<0.01 , 0.04,0.02 ,<0.01 , 0.05,0.02 ,0.01 , 0.05,0.02 ,0.01 , 0.05,0.03 ,0.01 , 0.06,0.03 ,0.02 , 0.06,0.03 ,0.02 , 0.06,0.04 ,0.02 , 0.06,0.04 ,0.03 , 0.07,0.05 ,0.03 , 0.08,0.05 ,0.03 , 0.08,0.06 ,0.04 , 0.09,0.06 ,0.04 , 0.09,0.06 ,0.05 , 0.10,0.07 ,0.04 , 0.10,0.07 ,0.04 , 0.11,0.07 ,0.04 , 0.11,0.07 ,0.04 , 0.11,0.07 ,0.03 , 0.12,0.07 ,0.03 , 0.13,0.07 ,0.03 , 0.13,0.07 ,0.03 , 0.13,0.07 ,0.03 , 0.14
Zambia,26.70 ,18.85 , 38.77,27.81 ,19.64 , 40.38,27.32 ,19.30 , 39.68,26.21 ,18.51 , 38.07,24.53 ,17.32 , 35.62,22.39 ,15.81 , 32.52,20.81 ,14.70 , 30.23,18.88 ,13.33 , 27.42,17.41 ,12.29 , 25.28,16.08 ,11.36 , 23.36,14.93 ,10.54 , 21.68,13.91 ,9.82 , 20.20,13.04 ,9.21 , 18.94,12.41 ,8.77 , 18.03,11.73 ,8.28 , 17.03,10.91 ,7.71 , 15.85,10.35 ,7.31 , 15.04,9.79 ,6.92 , 14.22,9.27 ,6.55 , 13.46,8.82 ,6.23 , 12.81,8.36 ,5.91 , 12.15,7.96 ,5.62 , 11.56,7.49 ,5.29 , 10.88,7.11 ,5.02 , 10.33,6.82 ,4.82 , 9.91,6.46 ,4.56 , 9.39,6.09 ,4.30 , 8.85,5.90 ,4.17 , 8.57,5.67 ,4.00 , 8.23
Zimbabwe,53.14 ,38.59 , 71.46,55.76 ,40.49 , 74.98,54.49 ,39.56 , 73.27,51.23 ,37.19 , 68.88,45.57 ,33.09 , 61.28,39.58 ,28.74 , 53.23,34.57 ,25.10 , 46.49,29.40 ,21.34 , 39.53,25.74 ,18.69 , 34.61,22.73 ,16.50 , 30.56,20.13 ,14.61 , 27.06,18.13 ,13.17 , 24.38,16.23 ,11.79 , 21.83,14.87 ,10.80 , 20.00,13.82 ,10.03 , 18.58,12.53 ,9.10 , 16.85,11.32 ,8.22 , 15.22,10.39 ,7.54 , 13.97,9.43 ,6.85 , 12.68,8.87 ,6.44 , 11.93,8.52 ,6.19 , 11.46,7.81 ,5.67 , 10.50,7.16 ,5.20 , 9.63,6.72 ,4.88 , 9.03,6.26 ,4.54 , 8.42,5.85 ,4.25 , 7.86,5.58 ,4.05 , 7.50,5.29 ,3.84 , 7.11,4.86 ,3.53 , 6.53
Global,0.62 ,0.48,0.82,0.69 ,0.53,0.90,0.73 ,0.57,0.96,0.75 ,0.58,0.98,0.79 ,0.62,1.04,0.80 ,0.62,1.05,0.80 ,0.63,1.05,0.79 ,0.62,1.04,0.77 ,0.60,1.01,0.74 ,0.58,0.97,0.71 ,0.55,0.93,0.67 ,0.52,0.88,0.63 ,0.49,0.83,0.61 ,0.47,0.80,0.58 ,0.45,0.76,0.56 ,0.44,0.74,0.54 ,0.42,0.71,0.52 ,0.41,0.69,0.50 ,0.39,0.66,0.49 ,0.38,0.64,0.48 ,0.37,0.63,0.47 ,0.36,0.61,0.46 ,0.36,0.60,0.44 ,0.35,0.58,0.43 ,0.34,0.57,0.42 ,0.33,0.56,0.41 ,0.32,0.54,0.40 ,0.31,0.53,0.39 ,0.31,0.52